name,ne_ID,rating,num_of_rating,price,about,feat_labels,feat_values
Beyerdynamic DT 770 Pro 250 Ohm (459046) Studio Reference Headphones (Closed),9SIAGNP8BM8526,78%,115,149.00,,"['Brand ', 'Model ', 'Part ', 'Type ', 'Frequency Response ', 'THD ', 'Input Impedance ', 'Power Supply ', 'Connector ', 'Ear Coupling ', 'Cord Length ', 'Weight ', 'Features ', 'Date First Available ']","['Beyerdynamic', 'DT 770 Pro 250 Ohm', '459046', 'Over the Ear', '5Hz-35KHz', '< 0.2%', '250 ohms', 'Power handling capacity: 100 mW', 'Gold plated stereo jack plug (3.5 mm) and 1/4"" adapter (6.35 mm)', 'Circumaural', '9.84 ft. coiled cable', '0.60 lb.', 'Closed diffuse field studio headphoneInnovative bass reflex systemRobust spring steel headbandSingle sided cableSoft inner headbandGold plated jack plug (3.5 mm) and adapter (6.35 mm)', 'October 31, 2018']"
Sennheiser HD 2.30G (506789) On-Ear Headphones / Galaxy - White,N82E16826106862, , ,$89.95,,"['Brand ', 'Model ', 'Part ', 'Type ', 'Color ', 'Frequency Response ', 'THD ', 'Input Impedance ', 'Sensitivity ', 'Connector ', 'Ear Coupling ', 'Cord Length ', 'Weight ', 'Microphone Frequency Response ', 'Microphone Sensitivity ', 'Features ', 'Package Contents ', 'Date First Available ']","['Sennheiser', 'HD 2.30G WHITE', '506789', 'On-Ear', 'White', '18Hz-22KHz', '<0.5% (1kHz/100dB)', '22 ohms', '115dB S.P.L. at 1KHz', '3.5mm straight plug', 'Supra-aural', '1.4m (4.59 ft.)', '262g', '100Hz-10KHz', '-44dBV/Pa', 'Ultra-slim and lightweight with extra soft earpads for outstanding comfort - you will forget you are wearing them! Clean and minimalist design Robust, foldable headband for easy storage on the go Handy tangle free cable Great stereo sound quality with bass emphasis Closed-back design and ergonomic earpads reduce background noise and provide immersive detail HD 2.30G has an integrated 3-button smart remote with in-line microphone for controlling calls and music HD 2.30G feature detachable cablesHD 2.30G is supplied with a soft carry pouch', 'HD 2.30 headsetRCA 2.30 - 1.4m detachable single-sided cable with 3-button remoteAngled plugStorage pouch', 'September 16, 2016']"
Sennheiser Momentum Free Bluetooth Wireless In-Ear Headphones Special Edition (508698),0TH-0036-00CH3, , ,$199.95,,"['Brand ', 'Series ', 'Model ', 'Part ', 'Type ', 'Frequency Response ', 'THD ', 'Sensitivity ', 'Wireless Type ', 'Battery ', 'Distance ', 'Package Contents ', 'Date First Available ']","['Sennheiser', 'Momentum Free', 'Momentum Free Special Edition', '508698', 'In-Ear', '15Hz-22KHz', '<0.5%', '- 44 dB V/PaSending Loudness Rating (SLR)Wideband: 10dB +/- 5dBNarrowband: 8dB +/- 5dB', 'Bluetooth 4.2', 'Built-in Rechargeable Lithium-ion Polymer (~85mAh) with more than 500 charges', 'Up to 10 meters', 'Wireless HeadsetUSB Charging CableEar Adaptor Set (XS, S, M, L)Carrying CaseSafety & Quick Guides', 'June 17, 2020']"
Sennheiser HD 2.30i (506717) On-Ear Headphones / iPhone - Black,N82E16826106859, , ,$89.95,,"['Brand ', 'Model ', 'Part ', 'Type ', 'Color ', 'Frequency Response ', 'THD ', 'Input Impedance ', 'Sensitivity ', 'Connector ', 'Ear Coupling ', 'Cord Length ', 'Weight ', 'Microphone Frequency Response ', 'Microphone Sensitivity ', 'Features ', 'Package Contents ', 'Date First Available ']","['Sennheiser', 'HD 2.30i BLACK', '506717', 'On-Ear', 'Black', '18Hz-22KHz', '<0.5% (1kHz/100dB)', '22 ohms', '115dB S.P.L. at 1KHz', '3.5mm straight plug', 'Supra-aural', '1.4m (4.59 ft.)', '262g', '100Hz-10KHz', '-44dBV/Pa', 'Ultra-slim and lightweight with extra soft earpads for outstanding comfort - you will forget you are wearing them! Clean and minimalist design Robust, foldable headband for easy storage on the go Handy tangle free cable Great stereo sound quality with bass emphasis Closed-back design and ergonomic earpads reduce background noise and provide immersive detail HD 2.30i has an integrated 3-button smart remote with in-line microphone for controlling calls and music HD 2.30i features detachable cables HD 2.30i is supplied with a soft carry pouch', 'HD 2.30 headsetRCA 2.30 - 1.4m detachable single-sided cable with 3-button remoteAngled plugStorage pouch', 'September 16, 2016']"
Sennheiser 506790 HD 2.30i On-Ear Headphones / iPhone (White),0TH-0036-00A08, , ,$89.95,,"['Brand ', 'Model ', 'Type ', 'Color ', 'Frequency Response ', 'THD ', 'Input Impedance ', 'Sensitivity ', 'Connector ', 'Ear Coupling ', 'Cord Length ', 'Weight ', 'Microphone Frequency Response ', 'Microphone Sensitivity ', 'Features ', 'Package Contents ', 'Date First Available ']","['Sennheiser', 'HD 2.30i', 'On-Ear', 'White', '18Hz-22KHz', '<0.5% (1kHz/100dB)', '22 ohms', '115dB S.P.L. at 1KHz', '3.5mm straight plug', 'Supra-aural', '1.4m (4.59 ft.)', '262g', '100Hz-10KHz', '-44dBV/Pa', 'Ultra-slim and lightweight with extra soft earpads for outstanding comfort - you will forget you are wearing them!Clean and minimalist designRobust, foldable headband for easy storage on the goHandy tangle free cableGreat stereo sound quality with bass emphasisClosed-back design and ergonomic earpads reduce background noise and provide immersive detailHD 2.30i has an integrated 3-button smart remote with in-line microphone for controlling calls and musicHD 2.30i features detachable cablesHD 2.30i is supplied with a soft carry pouch', 'HD 2.30 headsetRCA 2.30 - 1.4m detachable single-sided cable with 3-button remoteAngled plugStorage pouch', 'May 14, 2020']"
Philips SHB2505BL UpBeat True Wireless In-ear Headphones - Blue,N82E16826138368, , ,$59.99,,"['Brand ', 'Series ', 'Model ', 'Type ', 'Color ', 'Driver Unit ', 'Frequency Response ', 'Wireless Type ', 'Battery ', 'Operating Time ', 'Distance ', 'Features ', 'Package Contents ', 'Date First Available ']","['PHILIPS', 'UpBeat', 'SHB2505BL', 'True Wireless In-Ear', 'Blue', '6mm', '20Hz–20KHz', 'Bluetooth version: Bluetooth 5.0Bluetooth profiles: A2DP, AVRCP, Handsfree, HFP, HSP', 'Lithium-Ion', 'Music playtime: 3+9 hrStandby time: 60hrTalk time: 2.5hr', 'Up to 10m', ""Ready to go. Up to 20 hours play time.6 mm neodymium acoustic drivers. Great sound, punchy bassPortable charging case. Multiple charges in your pocketGet up to 20 hours play time and 14 hours talk timeMono mode for when you want to leave one ear freeFeels good. Looks good.Oval acoustic tube. Comfort and passive noise isolationSoft rubberized wing tips. Secure and comfortableEar-tip covers in small, medium, and large-for a perfect fitEasy pairing. Voice control.Built-in mic with echo cancellation for clear audioSmart pairing. Automatically find your Bluetooth deviceMulti-function button. Easily control music and callsA double button-press wakes your phone's voice assistant"", '3 sizes ear capsUSB charging cable', 'June 01, 2020']"
Beyerdynamic DT 770 Pro 32 Ohm (483664) Studio Reference Headphones (Closed),0TH-00JD-001T7, , ,$179.00,,"['Brand ', 'Model ', 'Part ', 'Type ', 'Frequency Response ', 'THD ', 'Input Impedance ', 'Connector ', 'Ear Coupling ', 'Cord Length ', 'Weight ', 'Features ', 'Date First Available ']","['Beyerdynamic', 'DT 770 Pro 32 Ohm', '483664', 'Over the Ear', '5Hz-35KHz', '< 0.2%', '32 ohms', 'Gold plated stereo jack plug (3.5 mm) and 1/4"" adapter (6.35 mm)', 'Circumaural', '1.6m straight cable', '270g', 'Closed diffuse field studio headphoneInnovative bass reflex systemRobust spring steel headbandSingle sided cableSoft inner headbandGold plated jack plug (3.5 mm) and adapter (6.35 mm)', 'March 12, 2020']"
Beyerdynamic DT 880 Pro 250 Ohm (490970) Hi-Fi Headphones (Semi-open),9SIA3JX5S30669,93%,972,187.95,,"['Brand ', 'Series ', 'Model ', 'Part ', 'Type ', 'Frequency Response ', 'THD ', 'Input Impedance ', 'Power Supply ', 'Sensitivity ', 'Connector ', 'Ear Coupling ', 'Cord Length ', 'Weight ', 'Features ', 'Date First Available ']","['Beyerdynamic', 'DT 880', 'DT 880 PRO 250 Ohm', '490970', 'Over the Ear', '5Hz-35KHz', 'Nominal T.H.D: < 0.2%', '250 ohms', 'Power handling capacity: 100 mW', '96 dB/mW', 'Gold plated stereo mini jack plug (3.5 mm) and 1/4"" adapter (6.35 mm)', 'Circumaural', '9.80 ft.', '0.65 lb.', 'Semi-open studio headphoneRugged headband constructionSingle-sided cableSoft headband padGold plated stereo jack plug (3.5 mm) & 1/4"" adapter (6.35 mm)', 'January 09, 2019']"
Sennheiser Momentum True Wireless 2 Noise Cancelling Earbuds,0TH-030R-00036, , ,299.95,,"['Brand ', 'Series ', 'Model ', ' ', 'Type ', 'Color ', 'Driver Unit ', 'Frequency Response ', ' ', ' ', 'Sensitivity ', 'Connector ', 'Ear Coupling ', 'Noise Cancelling ', 'Wireless Type ', ' ', ' ', 'Microphone Frequency Response ', 'Compatibility ', ' ', ' ', 'Date First Available ']","['Sennheiser', 'Momentum True Wireless 2', 'M3IETW2 Black', '508674', 'In-Ear', 'Black', '7mm diameter dynamic', '5Hz-21KHz', '<0.08% (1kHz / 94dB)', '5V, 650 mA max, USB charging via USB-C socket at charging case', '107 dB SPL (1 kHz / 1 mW)', 'Yes', 'In-ear, closed acoustics', 'Single-Mic ANC per earbud side', 'Bluetooth 5.1', 'Built-in Lithium-Ion rechargeable batteries', 'Up to 7 hrs music playtime with earbuds. \nUp to 28 hrs overall music playtime with charging case.', '100Hz-10KHz', 'N/A', ""Delivers best possible listening experience at anytime\n7mm dynamic driver: Experience superior sound quality from audio specialist Sennheiser\nBuilt-in equalizer: Personalizing your audio experience\nANC & Transparent Hearing: Block out or listen to your surroundings - the choice is yours\n\nSimplifies your life during the day\nCustomizable touch controls: Let you define your personal interface for effortless control\nSmart Pause: Don't miss any part of your favorite song with automatic play/pause feature\nVoice Assistant support: Interact at a touch with Google Assistant and Apple Siri\n\nDesigned for full day wearing\n7 + 21 hour playtime: Listen to music for up to 28 hours thanks to the charging case\nImproved ergonomic design: Revel in sound it its smallest, most comfy form\nCraftsmanship: Quality that you expect from Sennheiser brand\nIPX4: Splash resistant design for all weather conditions"", 'MOMENTUM True Wireless 2 earbuds\nCharging case\nUSB-C charging cable\nSilicone ear adapter sets (XS/S/M/L)', 'April 17, 2020']"
Sennheiser HD 450BT Wireless Over Ear Noise Cancelling Headphones with Bluetooth 5.0 - Black,N82E16826106897, , ,$199.95,,"['Brand ', 'Model ', 'Type ', 'Color ', 'Frequency Response ', 'THD ', 'Connector ', 'Ear Coupling ', 'Weight ', 'Noise Cancelling ', 'Wireless Type ', 'Battery ', 'Operating Time ', 'Microphone Frequency Response ', 'Compatibility ', 'Package Contents ', 'Date First Available ']","['Sennheiser', 'HD 450BT Black', 'Over the Ear', 'Black', '18Hz-22KHz (-10 dB)', '< 0.3% (1 kHz, 100 dB)', 'USB-C (Charging)', 'Circumaural', 'Approx. 238g (0.52 lb.)', 'Yes', 'Bluetooth Version: Bluetooth 5.0Audio codec: SBC, AAC, AptX, AptX Low LatencySupported Profiles: HSP, HFP, AVRCP, A2DP', 'Battery Specification: Built-in Lithium-Polymer rechargeable battery: 3.7 V, 600 mAhCharging time: Approx. 2 hours', '30 hours music playback via Bluetooth with ANC activated', '80Hz to 6KHz (-3 dB)', 'N/A', 'HD 450BT Wireless HeadphonesAudio CableUSB-C Charging CableCarry CaseQuick GuideSafety Guide', 'March 02, 2020']"
JBL Tune 700 BT Wireless Over-Ear Headphones (Black),12K-00CS-00129, , ,$79.95,,"['Brand ', 'Series ', 'Model ', 'Type ', 'Color ', 'Connector ', 'Compatibility ', 'Date First Available ']","['JBL', 'Tune 700', 'JBLT700BTBLKAM', 'Over the Ear', 'Black', 'Yes', 'N/A', 'March 13, 2020']"
Sennheiser MOMENTUM True Wireless 2 Active Noise Cancelling In-ear Headphones (White),N82E16826106899, , ,299.95,,"['Brand ', 'Series ', 'Model ', 'Type ', 'Color ', 'Driver Unit ', 'Frequency Response ', 'THD ', 'Power Supply ', 'Sensitivity ', 'Connector ', 'Ear Coupling ', 'Noise Cancelling ', 'Wireless Type ', 'Battery ', 'Operating Time ', 'Microphone Frequency Response ', 'Compatibility ', 'Features ', 'Package Contents ', 'Date First Available ']","['Sennheiser', 'MOMENTUM True Wireless 2', 'M3IETW2 White', 'In-Ear', 'White', '7mm diameter dynamic', '5Hz-21KHz', '<0.08% (1kHz / 94dB)', '5V, 650 mA max, USB charging via USB-C socket at charging case', '107 dB SPL (1 kHz / 1 mW)', 'Yes', 'In-ear, closed acoustics', 'Single-Mic ANC per earbud side', 'Bluetooth 5.1', 'Built-in Lithium-Ion rechargeable batteries', 'Up to 7 hrs music playtime with earbuds. Up to 28 hrs overall music playtime with charging case.', '100Hz-10KHz', 'N/A', ""Delivers best possible listening experience at anytime7mm dynamic driver: Experience superior sound quality from audio specialist SennheiserBuilt-in equalizer: Personalizing your audio experienceANC & Transparent Hearing: Block out or listen to your surroundings - the choice is yoursSimplifies your life during the dayCustomizable touch controls: Let you define your personal interface for effortless controlSmart Pause: Don't miss any part of your favorite song with automatic play/pause featureVoice Assistant support: Interact at a touch with Google Assistant and Apple SiriDesigned for full day wearing7 + 21 hour playtime: Listen to music for up to 28 hours thanks to the charging caseImproved ergonomic design: Revel in sound it its smallest, most comfy formCraftsmanship: Quality that you expect from Sennheiser brandIPX4: Splash resistant design for all weather conditions"", 'MOMENTUM True Wireless 2 earbudsCharging caseUSB-C charging cableSilicone ear adapter sets (XS/S/M/L)', 'April 30, 2020']"
Beyerdynamic MMX 300 (718300) 2nd Generation Premium Gaming Headset (Closed),N82E16826380034, , ,299.00,,"['Brand ', 'Model ', 'Part ', 'Type ', 'Color ', 'Frequency Response ', 'Input Impedance ', 'Ear Coupling ', 'Features ', 'Option ', 'Date First Available ']","['Beyerdynamic', 'MMX 300', '718300', 'Over the Ear', 'Black', '5Hz-35KHz', '32 ohms', 'Circumaural', 'Closed headset with cable remote control - made in GermanyOptimum sound for gaming and multimedia applications on PC and consoleOutstanding speech intelligibility on account of high-quality microphone capsuleSuper soft microfibre ear pads for a comfortable fit allowing you to wear the headset for hours on endIncl. protective carry case, 6.35 mm jack adapter and 1.5 m Y-extension cable', 'In-Ear Wired', 'November 12, 2019']"
JBL JBLT110WHTAM Tune 110 In-Ear Headphones - White,0TH-001X-003R7, , ,12.95,,"['Brand ', 'Series ', 'Model ', 'Type ', 'Color ', 'Driver Unit ', 'Frequency Response ', 'Input Impedance ', 'Sensitivity ', 'Connector ', 'Cord Length ', 'Date First Available ']","['JBL', 'TUNE 110', 'JBLT110WHTAM', 'In-Ear', 'White', '9mm', '20Hz–20KHz', '16 ohms', '96 dB/mW', '3.5mm', '3.65 ft.', 'October 08, 2019']"
Maxell 190316 3.5mm Connector Supra-aural NB-201 Stereo Neckbands Headphone,9SIAFJ86WS6308,78%,"1,689",6.97,,"['Brand ', 'Model ', 'Type ', 'Driver Unit ', 'Frequency Response ', 'Input Impedance ', 'Sensitivity ', 'Connector ', 'Ear Coupling ', 'Cord Length ', 'Weight ', 'Features ', 'Date First Available ']","['Maxell', '190316', 'Behind the Neck', '30mm', '16Hz-24KHz', '32 ohms', '100 dB +/- 3dB', '3.5mm', 'Supra-aural', '4 feet', '0.15', 'Ideal for portable CD/DVD/Mp3/iPod playersLightweight behind the head designSoft touch rubber cord', 'February 18, 2018']"
Sennheiser CX 350BT Black Canal Bluetooth Wireless In-Ear Headphone,N82E16826106895, , ,$99.95,,"['Brand ', 'Model ', 'Type ', 'Color ', 'Frequency Response ', 'THD ', 'Input Impedance ', 'Connector ', 'Ear Coupling ', 'Weight ', 'Wireless Type ', 'Operating Time ', 'Package Contents ', 'Date First Available ']","['Sennheiser', 'CX 350BT Black', 'In-Ear', 'Black', '17Hz-20KHz (-10 dB)', '0.5% (1 kHz, 100 dB SPL)', '28 ohms', 'USB-C (Charging)', 'Canal', '13g', 'Bluetooth Version: 5.0Supported Profiles: A2DP, AVRCP, HSP, HFPCodecs: SBC, AAC, AptX, AptX Low Latency', 'Up to 10 hours (SBC)', 'CX 350BT earphonesEar adapter set (XS/S/M/L)USB-C charging cableQuick GuideSafety Guide', 'March 02, 2020']"
"JBL LIVE 500BT With Google, Alexa voice Bluetooth Over-Ear Headphones- Blue",0TH-02HP-00031, , ,$149.95,,"['Brand ', 'Series ', 'Model ', 'Type ', 'Color ', 'Driver Unit ', 'Frequency Response ', 'Input Impedance ', 'Power Supply ', 'Sensitivity ', 'Connector ', 'Weight ', 'Wireless Type ', 'Operating Time ', 'Features ', 'Package Contents ', 'Date First Available ']","['JBL', 'LIVE 500BT', 'JBLLIVE500BTBLUAM', 'Over the Ear', 'Blue', '50mm', '18Hz-20KHz', '32 ohms', 'Maximum input power: 15mW', 'Driver sensitivity at 1kHz/1mW: 108dB', 'Yes', '0.51 lb.', 'Bluetooth', 'Charging time: 2hrs from emptyMusic playtime with BT on: Up to 30 hours', 'JBL Signature SoundGet help from your voice assistantAmbient Aware and TalkThru Technology30 Hours Battery Life | 2 Hours Recharging Time15 minutes charging for 2 hours playtimeHands-free callsMulti-Point ConnectionPersoni-Fi AppComfort-fi t fabric headbandDetachable cable with remote & microphone', '1 x LIVE500BT1 x Aux Cable1 x Charging Cable1 x Warranty/Warning1 x QSG/Safety Sheet', 'May 30, 2019']"
JBL LIVE 650BTNC Wireless Over-Ear Noise-Cancelling Headphones - White,0TH-02HP-00032, , ,$199.95,,"['Brand ', 'Series ', 'Model ', 'Type ', 'Color ', 'Driver Unit ', 'Frequency Response ', 'Input Impedance ', 'Power Supply ', 'Sensitivity ', 'Weight ', 'Noise Cancelling ', 'Wireless Type ', 'Battery ', 'Operating Time ', 'Features ', 'Package Contents ', 'Date First Available ']","['JBL', 'LIVE 650BTNC', 'JBLLIVE650BTNCWAM', 'Over the Ear', 'White', '40mm', '20Hz–20KHz', '32 ohms', 'Maximum input power: 30mW', '100 dBSPL@1kHz/1mW', '249g (0.55 lb.)', 'Yes', 'Bluetooth version: Bluetooth 4.2Bluetooth profiles: HFP v1.6, A2DP V1.3, AVRCP V1.5', 'Polymer Li-ion Battery (3.7VDC, 700mAh)', 'Charging time: 2hrs from emptyMaximum music play time with ANC off (hours): 30.0Maximum music play time with ANC on (hours): 20.0', 'JBL Signature SoundGet help from your voice assistantPress play. Mute distractionsHands-free callsMulti-Point ConnectionComfort-fit fabric headbandPersoni-Fi App30 Hours battery life with ANC off and Speed ChargeKeep it safe when not in use', 'LIVE650BTNCAux CableCharging CableCarrying Pouch1 x Warranty/Warning1 x QSG/Safety Sheet', 'May 30, 2019']"
Philips UpBeat Bluetooth Wireless In-ear Headphones SHB3595BK - Black,N82E16826138365, , ,$39.99,,"['Brand ', 'Series ', 'Model ', 'Type ', 'Color ', 'Driver Unit ', 'Ear Coupling ', 'Wireless Type ', 'Operating Time ', 'Features ', 'Package Contents ', 'Date First Available ']","['PHILIPS', 'UpBeat', 'SHB3595BK', 'Wireless In-ear', 'Black', '8.6mm', 'Canal', 'Bluetooth 4.1', 'Up to 6 hours', 'ConnectivityMicrophone: Built-in microphoneBluetooth profiles: A2DP, Handsfree, HFP, HSP', 'Bluetooth headphones, 3 pairs of ear caps (small, medium and large)', 'November 12, 2019']"
Philips SHB2505BK/00 UpBeat True Wireless In-ear Headphones - Black,0TH-003M-002N3, , ,$59.99,,"['Brand ', 'Series ', 'Model ', 'Type ', 'Color ', 'Driver Unit ', 'Frequency Response ', 'Wireless Type ', 'Battery ', 'Operating Time ', 'Distance ', 'Features ', 'Package Contents ', 'Date First Available ']","['PHILIPS', 'UpBeat', 'SHB2505BK/00', 'In-Ear', 'Black', '6mm', '20Hz–20KHz', 'Bluetooth version: Bluetooth 5.0Bluetooth profiles: A2DP, AVRCP, Handsfree, HFP, HSP', 'Lithium-Ion', 'Music playtime: 3+9 hrStandby time: 60hrTalk time: 2.5hr', 'Up to 10m', ""Ready to go. Up to 20 hours play time.6 mm neodymium acoustic drivers. Great sound, punchy bassPortable charging case. Multiple charges in your pocketGet up to 20 hours play time and 14 hours talk timeMono mode for when you want to leave one ear freeFeels good. Looks good.Oval acoustic tube. Comfort and passive noise isolationSoft rubberized wing tips. Secure and comfortableEar-tip covers in small, medium, and large-for a perfect fitEasy pairing. Voice control.Built-in mic with echo cancellation for clear audioSmart pairing. Automatically find your Bluetooth deviceMulti-function button. Easily control music and callsA double button-press wakes your phone's voice assistant"", '3 sizes ear capsUSB charging cable', 'January 10, 2020']"
Bose Noise Cancelling Headphones 700 Smart with Voice Control - Limited Edition  - Soapstone - 794297-0400,N82E16826627091, , ,379.00,,"['Brand ', 'Series ', 'Model ', 'Type ', 'Color ', 'Date First Available ']","['Bose', 'Noise Cancelling Headphones 700', '794297-0400', 'Noise Cancelling', 'Soapstone', 'November 08, 2019']"
Bose Noise Cancelling Headphones 700-Smart with Voice Control - Black (794297-0100),N82E16826627089, , ,379.00,,"['Brand ', 'Model ', 'Type ', 'Color ', 'Noise Cancelling ', 'Wireless Type ', 'Operating Time ', 'Distance ', 'Features ', 'Package Contents ', 'Date First Available ']","['Bose', '794297-0100', 'Noise Cancelling', 'Triple Black', 'Active', 'Bluetooth', 'Battery charging time: Up to 2.5 hoursQuick charge time: 15 min for 3.5 hoursBattery life: Up to 20 hours', 'Bluetooth range: Up to 33 ft. (10 m)', ""Augmented headphones. Now a reality.Bose Noise Cancelling Headphones 700 deliver everything you expect - and things you never imagined possible. Think of them as smart headphones that let you keep your head up to the world with easy access to voice assistants. Or confidently take a call with the most powerful microphone system for voice pickup. And then there's Bose AR, a first-of-its-kind audio augmented reality platform that makes astonishing new audio experiences possible.An adaptive mic system for superior voice pickupBose Headphones 700 feature an unrivaled four-microphone system that picks up and isolates your voice while cancelling the noise around you. You'll hear and be heard like never before - even in noisy environments.Need answers Just ask.Our wireless headphones are optimized for the Google Assistant and Amazon Alexa, so you can choose the right service for you in the Bose Music app. To activate your voice assistant, just press a button on the right earcup.Hear the world around you. On your terms.With Bose Headphones 700, we've even improved on what we're most known for. You can now personalize your environment with 11 levels of noise cancellation. As you increase the noise cancellation, you incrementally minimize the distractions you hear in loud places. Or, decrease it to the point where you hear the world as if you weren't wearing active noise cancelling headphones at all.For quick interruptions, press a button for Conversation Mode to pause the music and let surrounding noise in - perfect to quickly place a coffee order or chat with a coworker."", 'Bose Noise Cancelling Headphones 700Audio cableUSB charging cableCarrying caseQuick start guide', 'July 18, 2019']"
"Soundcore Anker Liberty Air True-Wireless Earphones with Charging Case, Bluetooth 5, 20 Hour Battery Life, Touch Control Earbuds, Graphene Enhanced Sound, Noise-Cancelling Microphones (Black)",9SIACCUAHR7380,91%,"1,703",69.99," Soundcore | Hear It. Feel It. A Brand Under Anker Innovations Advanced Audio The graphene-coated drivers eliminate distortion to produce sound with enhanced accuracy and outstanding clarity. Enjoy detailed highs, bright mids, and satisfyingly deep bass. Enhanced Voice Pick-Up Two built-in microphones with uplink noise cancellation filter out external noise to boost clarity and quality. Your voice sounds ultra-clear even when you're walking down a crowded city street or on a packed train to work. 5-Hour Playtime Anker charging technology delivers an industry-leading 5-hour playtime from a single charge. For a boost of power on-the-go, use the included charging case for up to 15 extra hours of use. Touch Control Built into Liberty Air's earbuds are discreet touchpads to allow you to play, pause, and skip music and answer calls with simple touch commands. Secure-Fit Liberty Air's in-ear design and multiple sizes of Ear Tips allow you to customize the fit of the earbuds. Crank up the comfort level and enjoy music and stereo calls with superior noise-isolation. One-Step Pairing After the initial set up, simply take Liberty Air out of the charging case and they'll instantly connect to your device. Bluetooth 5.0 The latest Bluetooth technology ensures an ultra-stable connection for skip-free music. Voice Assistant Use the touchpad on Liberty Air's left earbud to wake up your phone's voice assistant. Water-Resistant Liberty Air's earbuds are IPX5-rated for effective protection against liquids. What You Get: Liberty Air true-wireless earbuds, charging case, XS/S/M/L Ear Tips, 60 cm micro USB cable, user manual, 18-month warranty, and friendly customer service.  ","['Brand ', 'Series ', 'Model ', 'Type ', 'Color ', 'Ear Coupling ', 'Weight ', 'Noise Cancelling ', 'Wireless Type ', 'Operating Time ', 'Compatibility ', 'Features ', 'Package Contents ', 'Option ', 'Date First Available ']","['Soundcore', 'Liberty', 'Liberty Air', 'Wireless', 'Black', 'Earbud', '2.08 ounces', 'Yes', 'Bluetooth', '5 hours(20 hours with charging case)', 'Universal', 'PUSH AND GO technology, touch control', 'Liberty Air true-wireless earphones, charging case, XS/S/M/L/XL EarTips, 60 cm micro USB cable, user manual', 'Truly Wireless', 'November 06, 2019']"
Philips SHB3175BK BASS+ Wireless Bluetooth Closed-Back Over-Ear Headphones with Mic - Black,N82E16826138356, , ,$59.99,,"['Brand ', 'Model ', 'Type ', 'Color ', 'Driver Unit ', 'Frequency Response ', 'Input Impedance ', 'Power Supply ', 'Sensitivity ', 'Wireless Type ', 'Operating Time ', 'Distance ', 'Features ', 'Date First Available ']","['PHILIPS', 'SHB3175BK/00', 'Over the Ear', 'Black', '40mm', '8Hz-21.5KHz', '32 ohms', 'Maximum power input: 40 mW', '104 dB/mW', 'Bluetooth 4.1', 'Music playtime: 12 hrsStandby time: 166 hrsTalk time: 12 hrs', 'Maximum range: Up to 10m', ""40mm Neodymium speakers that produce big bold bass.Great fit for everyone. A swivel earshells design and adjustable headband makes it a great fit for everyone.Big, bold bass that you can feel. Powerful bass to upgrade your listening enjoyment. Don't get fooled by its sleek design as the specially designed bass vent and specially tuned drivers produces ultra-low end frequencies that gives the headphones the unique Bass+ sound signature. Separate acoustic volume is used to make sure high consistency bass performance in every production.Bluetooth wireless technology. Easily pair your headphones with any Bluetooth device for wireless music.Control calls, music and volume with ear-shell switches. Button controls on the right ear shell enable you to control music and calls with a press.Folds into a compact form for easy storing and carrying. The unique compact fold design gives you the best experience on the go. The headphones can be either flat fold or compact fold for easy portability and easy storage.Great sound isolation. Closed type acoustics blocking out ambient noise and providing better sound.USB charging cable. The included USB charging cable makes it easy to keep your headphones powered up when you need them.Rechargeable battery offers up to 12 hours of playtime. With 12 hours of playtime, you'll have enough power to keep your music going all day.Convenient hands-free calling with mic and Bluetooth 4.1.Soft ear cushions for long-wearing comfort. Soft, breathable ear cushions provide great comfort over long listening sessions."", 'August 21, 2020']"
Bose SoundLink Around-Ear Wireless Headphones II - Black,N82E16826627051, , ,229.00,,"['Brand ', 'Series ', 'Model ', 'Type ', 'Color ', 'Weight ', 'Wireless Type ', 'Battery ', 'Operating Time ', 'Distance ', 'Features ', 'Package Contents ', 'Date First Available ']","['Bose', 'SoundLink Around-Ear Wireless Headphones II', '741158-0010', 'Over the Ear', 'Black', '0.44 lb. (7.0 oz)', 'Bluetooth', 'Rechargeable, non-replaceable lithium-ion polymerCharging time: 3 hours for full charge', 'Charging time: 3 hours full charge = 15 hours play time (15 minute quick charge = 2 hours play time)', 'Up to 30 feet (9 m) from device', 'Best-in-class audio performance with deep, immersive sound at all volumes Simple to pair with voice prompts for NFC devices Noise-rejecting dual microphone for clear calls Comfortable, lightweight and durable Up to 15 hours play time with rechargeable battery  Includes matching carrying case', 'SoundLink around-ear wireless headphones IIUSB charging cableBackup audio cableCarry case', 'September 10, 2015']"
Philips SHB2505WT/00 UpBeat True Wireless In-ear Headphones - White,N82E16826138367, , ,$59.99,,"['Brand ', 'Series ', 'Model ', 'Type ', 'Color ', 'Driver Unit ', 'Frequency Response ', 'Wireless Type ', 'Battery ', 'Operating Time ', 'Distance ', 'Features ', 'Package Contents ', 'Date First Available ']","['PHILIPS', 'UpBeat', 'SHB2505WT/00', 'True Wireless In-Ear', 'White', '6mm', '20Hz–20KHz', 'Bluetooth version: Bluetooth 5.0Bluetooth profiles: A2DP, AVRCP, Handsfree, HFP, HSP', 'Lithium-Ion', 'Music playtime: 3+9 hrStandby time: 60hrTalk time: 2.5hr', 'Up to 10m', ""Ready to go. Up to 20 hours play time.6 mm neodymium acoustic drivers. Great sound, punchy bassPortable charging case. Multiple charges in your pocketGet up to 20 hours play time and 14 hours talk timeMono mode for when you want to leave one ear freeFeels good. Looks good.Oval acoustic tube. Comfort and passive noise isolationSoft rubberized wing tips. Secure and comfortableEar-tip covers in small, medium, and large-for a perfect fitEasy pairing. Voice control.Built-in mic with echo cancellation for clear audioSmart pairing. Automatically find your Bluetooth deviceMulti-function button. Easily control music and callsA double button-press wakes your phone's voice assistant"", '3 sizes ear capsUSB charging cable', 'April 02, 2020']"
Beyerdynamic Amiron Home (717525) High-end Tesla Over-Ear Stereo Headphones (Open),N82E16826380026, , ,$699.00,,"['Brand ', 'Series ', 'Model ', 'Type ', 'Color ', 'Frequency Response ', 'THD ', 'Input Impedance ', 'Power Supply ', 'Sensitivity ', 'Connector ', 'Ear Coupling ', 'Cord Length ', 'Weight ', 'Features ', 'Date First Available ']","['Beyerdynamic', 'Amiron', '717525', 'Over the Ear', 'Black', '5Hz-40KHz', '< 0.05%', '250 ohms', 'Nominal power handling capacity: 200 mW', '102 dB +/- 3 dB at 1 kHz', '3.5mm/ 6.3mm', 'Circumaural', '9.84 ft.', '0.75 lb.', 'Highly efficient Tesla technology driversHand crafted ""Made in Germany""High-resolution sound for a concert experience at homeImpedance 250 OhmsVelvety soft headband and ear pads out of Alcantara microfibres and Microvelour3 m long cable with 3.5 mm jack plug and screwed-on 6.35 mm jack adapterDouble-sided and detachable cable', 'November 28, 2016']"
"Anker Soundcore Life Q20 Hybrid Active Noise Cancelling Headphones, Wireless Over Ear Bluetooth Headphones with 40H Playtime, Hi-Res Audio, Deep Bass, Memory Foam Ear Cups and Headband for Travel,Work",9SIACCUAMP1493,91%,"1,703",$59.99,,"['Brand ', 'Model ', 'Type ', 'Color ', 'Driver Unit ', 'Frequency Response ', 'Input Impedance ', 'Ear Coupling ', 'Weight ', 'Noise Cancelling ', 'Wireless Type ', 'Operating Time ', 'Distance ', 'Compatibility ', 'Features ', 'Option ', 'Date First Available ']","['Soundcore', 'Life Q20', 'Noise Cancelling', 'Black', '40mm', '16Hz-40KHz', '16 ohms', 'Binaural', '9.5 oz.', 'Active', 'Bluetooth 5.0', '60 Hours (ANC off) 40 Hours (ANC on)', 'Up to 15m / 49.21 ft.', 'Universal', 'Foldable design with ergonomic headband, memory foam ear cups and multi-point rotation, travel pouch', 'Bluetooth', 'November 28, 2019']"
Pioneer SE-IM5BT IRONMAN Wireless Sports Earphones (Gray),N82E16826621088, , ,24.99,,"['Brand ', 'Part ', 'Type ', 'Color ', 'Driver Unit ', 'Frequency Response ', 'Input Impedance ', 'Sensitivity ', 'Cord Length ', 'Weight ', 'Wireless Type ', 'Features ', 'Date First Available ']","['Pioneer', 'SE-IM5BT-H', 'In-Ear', 'Gray', '10mm', '20Hz–20KHz', '16 ohms', '102 dB/mW', '3.94 ft.', '0.05 lb.', 'Bluetooth', 'Integrated Clothing ClipWater and Sweat Resistant (IPX4)Handsfree Calling with Integrated MicWorks with Most Smartphones, PC & TabletsConvenient Three Button Remote ControlLightweight DesignMusic Playback / Talk Time: Up to 8 hoursMultipoint (Pairs with 2 Devices Simultaneously)Bluetooth Profiles: A2DP, AVRCP, HFP, HSPBluetooth Version V4.1 with 32 Feet Range', 'August 31, 2020']"
Beyerdynamic Xelento Wireless Audiophile Tesla In-Ear Headset,0TH-02C6-00011, , ,"$1,199.00",,"['Brand ', 'Series ', 'Model ', 'Type ', 'Frequency Response ', 'THD ', 'Input Impedance ', 'Cord Length ', 'Wireless Type ', 'Battery ', 'Operating Time ', 'Distance ', 'Features ', 'Package Contents ', 'Date First Available ']","['Beyerdynamic', 'Xelento Wireless', '717959', 'In-Ear', '8Hz-48KHz', '< 0.2% @ 500 Hz', '16 ohms', '0.38m, detachable (incl. battery)', 'Bluetooth 4.2', '130 mAh', 'Up to 8 hours', 'Up to 10 m', 'Dynamic Tesla high end driverExtremely lightweight and ergonomic designDetachable Bluetooth connection cable with remote control and microphone, highly flexible, silver-plated conductorsCable runs behind the earBluetooth wireless technology for more freedom of movementBattery life up to 8 hoursAudio Codecs: Qualcomm aptX and aptX HD, Advanced Audio Coding (AAC), Low Complexity Subband Codec (SBC)LED to indicate the operating statusWith voice prompts to the battery level', 'Bluetooth connection cable with remote controlJack connection cable with remote control,4-pole mini jack (3.5 mm)7 pairs of silicone eartips3 pairs of foam eartips (Comply Tx-500)Clip to attach the cable to clothingClip to attach the battery pack to clothingCase for storage1 pair of protective grille', 'June 15, 2020']"
Philips SHB3175WT BASS+ Wireless Bluetooth Closed-Back Over-Ear Headphones with Mic - White,N82E16826138374, , ,39.99,,"['Brand ', 'Model ', 'Type ', 'Color ', 'Driver Unit ', 'Frequency Response ', 'Input Impedance ', 'Power Supply ', 'Sensitivity ', 'Wireless Type ', 'Battery ', 'Operating Time ', 'Distance ', 'Features ', 'Date First Available ']","['PHILIPS', 'SHB3175WT', 'Over the Ear', 'White', '40mm', '8Hz-21.5KHz', '32 ohms', 'Maximum power input: 40 mW', '104 dB/mW', 'Bluetooth 4.1', 'Battery type: Li-Polymer', 'Music playtime: 12 hrsStandby time: 166 hrsTalk time: 12 hrs', 'Maximum range: Up to 10m', ""40mm Neodymium speakers that produce big bold bass.Great fit for everyone. A swivel earshells design and adjustable headband makes it a great fit for everyone.Big, bold bass that you can feel. Powerful bass to upgrade your listening enjoyment. Don't get fooled by its sleek design as the specially designed bass vent and specially tuned drivers produces ultra-low end frequencies that gives the headphones the unique Bass+ sound signature. Separate acoustic volume is used to make sure high consistency bass performance in every production.Bluetooth wireless technology. Easily pair your headphones with any Bluetooth device for wireless music.Control calls, music and volume with ear-shell switches. Button controls on the right ear shell enable you to control music and calls with a press.Folds into a compact form for easy storing and carrying. The unique compact fold design gives you the best experience on the go. The headphones can be either flat fold or compact fold for easy portability and easy storage.Great sound isolation. Closed type acoustics blocking out ambient noise and providing better sound.USB charging cable. The included USB charging cable makes it easy to keep your headphones powered up when you need them.Rechargeable battery offers up to 12 hours of playtime. With 12 hours of playtime, you'll have enough power to keep your music going all day.Convenient hands-free calling with mic and Bluetooth 4.1.Soft ear cushions for long-wearing comfort. Soft, breathable ear cushions provide great comfort over long listening sessions."", 'August 21, 2020']"
"Soundcore Vortex Wireless Headset by Anker Over Ear Headphones, 20H Playtime, Deep Bass, Hi-Fi Stereo Earphones for PC/Phones/TV, Soft Memory-Foam Ear Cups, w/Mic and Wired Mode",9SIACCUB3W1068,91%,"1,703",59.99," Soundcore Vortex The Over-Ear Headphones with Rich Sound and Enhanced Comfort Immersed in Music Get swept away by the music and engross yourself in rich, professionally-tuned audio with aptX high definition sound. Every aspect of your music is heightened with brilliant treble, smooth mid-ranges, and deep bass. Exceptional Playtime Vortex unites a high-performance Li-Polymer battery with Anker's leading power management technology for up to 20 hours of playtime in wireless mode. Alternatively, plug in the AUX cable for never-ending music playback. Designed for Travel Fold flat and store Vortex together with its accessories in the hard-shell travel case. Transport your headphones safely while you travel, or stay organised at home and work. All-Day Comfort Whether you're listening for 10 minutes or 10 hours, the memory foam filled ear-cups and headband offer a comfortable, secure fit. On-the-Go Calling Vortex's built-in microphone and multi-function button allow you to answer calls without removing your headphones or reaching for your phone. What You Get Soundcore Vortex, 3.5 mm AUX cable, Micro USB cable, travel case, welcome guide, our worry-free 18 month warranty, and friendly customer service.  ","['Brand ', 'Series ', 'Model ', 'Type ', 'Color ', 'Driver Unit ', 'Frequency Response ', 'Input Impedance ', 'Connector ', 'Ear Coupling ', 'Wireless Type ', 'Battery ', 'Operating Time ', 'Distance ', 'Compatibility ', 'Date First Available ']","['Soundcore', 'Vortex', 'A3031011b', 'Wireless', 'Black', '40mm', '16Hz-20KHz', '16 ohms', '3.5mm/ USB', 'Binaural', 'Bluetooth 4.1', 'Charging time: 2.5 hours', 'Up to 20 hours play time', 'Up to 12m / 39.4 ft.', 'Universal', 'March 04, 2020']"
Beyerdynamic DT 770 Pro 80 Ohm (474746) Studio Reference Headphones (Closed),0TH-00JD-000K8, , ,$179.00,,"['Brand ', 'Model ', 'Part ', 'Type ', 'Frequency Response ', 'THD ', 'Input Impedance ', 'Power Supply ', 'Sensitivity ', 'Connector ', 'Ear Coupling ', 'Cord Length ', 'Weight ', 'Features ', 'Date First Available ']","['Beyerdynamic', 'DT 770 Pro 80 Ohm', '474746', 'Over-Ear', '5Hz-35KHz', 'Nominal T.H.D: < 0.2%', '80 ohms', 'Power handling capacity: 100 mW', '96 dB/mW', 'Gold plated stereo jack plug (3.5 mm) and 1/4"" adapter (6.35 mm)', 'Circumaural', '9.84 ft.', '0.60 lb.', 'Closed diffuse field studio headphoneInnovative bass reflex systemRobust spring steel headbandSingle sided cableSoft inner headbandGold plated jack plug (3.5 mm) and adapter (6.35 mm)', 'June 09, 2017']"
Beyerdynamic DT 990 250 Ohm (459038) PRO Studio Mixing and Mastering Headphones (Open),0TF-00D2-00003, , ,$179.00,,"['Brand ', 'Series ', 'Model ', 'Part ', 'Type ', 'Color ', 'Frequency Response ', 'Input Impedance ', 'Connector ', 'Ear Coupling ', 'Cord Length ', 'Weight ', 'Features ', 'Date First Available ']","['Beyerdynamic', 'DT 990', 'DT 990 PRO 250 Ohm', '459038', 'Over the Ear', 'Black', '5Hz-35KHz', '250 ohms', 'Coiled connecting cable with mini-jack plug (3.5 mm) & 1/4"" adapter (6.35 mm)', 'Circumaural', '8.0 feet - 10.0 feet', '0.55 lb.', 'Circumaural headphones for professional mixing, mastering and editing, 250 ohmsTransparent, spacious, bass and powerful soundSoft, circumaural and replaceable velour ear padsRobust, comfortably padded and adjustable spring steel headband design', 'March 02, 2018']"
Philips SHB2505PP UpBeat True Wireless In-ear Headphones - Pink-purple,N82E16826138369, , ,$59.99,,"['Brand ', 'Series ', 'Model ', 'Type ', 'Color ', 'Driver Unit ', 'Frequency Response ', 'Wireless Type ', 'Battery ', 'Operating Time ', 'Distance ', 'Features ', 'Package Contents ', 'Date First Available ']","['PHILIPS', 'UpBeat', 'SHB2505PP', 'In-Ear', 'Pink-purple', '6mm', '20Hz–20KHz', 'Bluetooth version: Bluetooth 5.0Bluetooth profiles: A2DP, AVRCP, Handsfree, HFP, HSP', 'Lithium-Ion', 'Music playtime: 3+9 hrStandby time: 60hrTalk time: 2.5hr', 'Up to 10m', ""Ready to go. Up to 20 hours play time.6 mm neodymium acoustic drivers. Great sound, punchy bassPortable charging case. Multiple charges in your pocketGet up to 20 hours play time and 14 hours talk timeMono mode for when you want to leave one ear freeFeels good. Looks good.Oval acoustic tube. Comfort and passive noise isolationSoft rubberized wing tips. Secure and comfortableEar-tip covers in small, medium, and large-for a perfect fitEasy pairing. Voice control.Built-in mic with echo cancellation for clear audioSmart pairing. Automatically find your Bluetooth deviceMulti-function button. Easily control music and callsA double button-press wakes your phone's voice assistant"", '3 sizes ear capsUSB charging cable', 'June 01, 2020']"
"Soundcore Anker Liberty Air True-Wireless Earphones with Charging Case, Bluetooth 5, 20 Hour Battery Life, Touch Control Earbuds, Graphene Enhanced Sound, Noise-Cancelling Microphones (White)",9SIACCUAMP1458,91%,"1,703",69.99,,"['Brand ', 'Model ', 'Type ', 'Color ', 'Ear Coupling ', 'Weight ', 'Noise Cancelling ', 'Wireless Type ', 'Operating Time ', 'Compatibility ', 'Features ', 'Package Contents ', 'Option ', 'Date First Available ']","['Soundcore', 'Liberty Air', 'True-Wireless Earphones', 'White', 'Earbud', '2.08 ounces', 'Yes', 'Bluetooth', '5 hours (20 hours with charging case)', 'Universal', 'PUSH AND GO technology, touch control', 'Liberty Air true-wireless earphones, charging case, XS/S/M/L/XL EarTips, 60 cm micro USB cable, user manual', 'Truly Wireless', 'November 28, 2019']"
Pioneer SE-IM5BT IRONMAN Wireless Sports Earphones (Mint),N82E16826621089, , ,24.99,,"['Brand ', 'Model ', 'Type ', 'Color ', 'Driver Unit ', 'Frequency Response ', 'Input Impedance ', 'Sensitivity ', 'Cord Length ', 'Weight ', 'Features ', 'Date First Available ']","['Pioneer', 'SE-IM5BT-GR', 'In-Ear', 'Mint', '10mm', '20Hz–20KHz', '16 ohms', '102 dB/mW', '3.94 ft.', '0.05 lb.', 'Integrated Clothing ClipWater and Sweat Resistant (IPX4)Handsfree Calling with Integrated MicWorks with Most Smartphones, PC & TabletsConvenient Three Button Remote ControlLightweight DesignMusic Playback / Talk Time: Up to 8 hoursMultipoint (Pairs with 2 Devices Simultaneously)Bluetooth Profiles: A2DP, AVRCP, HFP, HSPBluetooth Version V4.1 with 32 Feet Range', 'August 31, 2020']"
Sony WH-1000XM3/B Wireless Industry-Leading Noise-Cancelling Over-Ear Headphones with Google Assistant (Black),9SIABMT97J5393,86%,979,$244.97,,"['Brand ', 'Model ', 'Type ', 'Color ', 'Driver Unit ', 'Frequency Response ', 'Sensitivity ', 'Ear Coupling ', 'Cord Length ', 'Noise Cancelling ', 'Wireless Type ', 'Package Contents ', 'Date First Available ']","['SONY', 'WH-1000XM3/B', 'Over the Ear', 'Black', '40mm', 'Active Operation4 Hz-40,000 HzBluetooth Communication20 Hz-20,000 Hz (44.1 kHz Sampling)20 Hz-40,000 Hz (LDAC 96 kHz Sampling, 990 kbps)', '104.5 dB / mW (1 kHz) (when connecting via the headphone cable with the unit turned on)101 dB / mW (1 kHz) (when connecting via the headphone cable with the unit turned off)', 'Circumaural', '3.94 ft.', 'Yes', 'Bluetooth 4.2', 'Carrying CasePlug Adaptor for In-flight UseHeadphone cable (approx. 47 1/4"" [1.2 m])USB cable: Type-C (approx. 7 7/8"" [20 cm])', 'April 23, 2019']"
"Wireless Audio Headphones for Apple Airpods iOS, Samsung and Android Other Phones, Wireless Charging Case, TWS Pro, Bluetooth",9SIAKV2B5J3767,44%,34,49.99,"Brsthones NEWEST Features:1.1:1 Size (Without Text on Charging Case)2.Support Name Change ,GPS Position4.Supprot Qi wireless charge5.Open the lid to connect6.Auto power on and power off7.Smart in-ear sensor and tap control8.Could be used separately or together9.Bluetooth 5.0 and Binaural call10.Hifi stereo and bass Connect with IOS Device :1.Open the lid of case and turn on the bluetooth on device , the pop up function will work . And you will see a notice to press the button on the back of charging case .2.Long press(about 4s) the button , you will see the white led blink . And the earbuds will connect with phone automatically . Connect with Android or Other Device :1.Open the lid of case and long press(about 4s) the button until make sure that the white led on the charging case blink .2.Turn on the bluetooth on device to search the earbuds bluetooth signal to connect .Note: DON'T COPY OUR BRAND DESCRIPITION AND PICTURE, THANKS (Brsthones)","['Brand ', 'Series ', 'Model ', 'Type ', 'Color ', 'Connector ', 'Ear Coupling ', 'Weight ', 'Noise Cancelling ', 'Wireless Type ', 'Operating Time ', 'Compatibility ', 'Option ', 'Date First Available ']","['Brsthones', 'AP TWS', 'Wireless Earphone', 'In-Ear', 'White', 'Wireless', 'Binaural', '0.2kg', 'Yes', 'Bluetooth', '3.5 - 4 hours', 'Universal', '2 Pairs Each Size', 'March 06, 2020']"
Beyerdynamic Soul Byrd (717800) Wired In-ear Headset,N82E16826380039, , ,$89.00,,"['Brand ', 'Model ', 'Part ', 'Type ', 'Frequency Response ', 'Cord Length ', 'Features ', 'Date First Available ']","['Beyerdynamic', 'Soul Byrd', '717800', 'In-Ear', '10Hz-25KHz', '1.2 m cable (both-sided, fixed) with 3.5 mm plug (4-pole)', 'In-ear headset with balanced sound and good resolutionErgonomically shaped housings ensure a secure and comfortable fit in the earUniversal 3-button remote control with microphoneSimple elegance, pleasant feel and impressive wearing comfortHigh-quality materials and real reliability', 'March 20, 2019']"
Pioneer SE-IM5BT IRONMAN Wireless Sports Earphones (White),N82E16826621090, , ,24.99,,"['Brand ', 'Model ', 'Type ', 'Color ', 'Driver Unit ', 'Frequency Response ', 'Input Impedance ', 'Sensitivity ', 'Cord Length ', 'Weight ', 'Wireless Type ', 'Operating Time ', 'Features ', 'Date First Available ']","['Pioneer', 'SE-IM5BT-W', 'In-Ear', 'White', '10mm', '20Hz–20KHz', '16 ohms', '102 dB/mW', '3.94 ft.', '0.05 lb.', 'Bluetooth', 'Up to 8 Hours of Music Playback / Talk Time', 'Integrated Clothing ClipWater and Sweat Resistant (IPX4)Handsfree Calling with Integrated MicWorks with Most Smartphones, PC & TabletsConvenient Three Button Remote ControlLightweight DesignMusic Playback / Talk Time: Up to 8 hoursMultipoint (Pairs with 2 Devices Simultaneously)Bluetooth Profiles: A2DP, AVRCP, HFP, HSPBluetooth Version V4.1 with 32 Feet Range', 'August 31, 2020']"
Apple AirPods (2nd Generation) MV7N2AM/A with Charging Case - Stereo - Wireless - Bluetooth - Earbud - Binaural - In-ear,9SIAN02BJC7476,53%,34,136.25,,"['Brand ', 'Series ', 'Model ', 'Type ', 'Color ', 'Connector ', 'Weight ', 'Wireless Type ', 'Battery ', 'Operating Time ', 'Compatibility ', 'Features ', 'Option ', 'Date First Available ']","['Apple', 'AirPods', 'MV7N2AM/A', 'True Wireless', 'Gloss White', 'AirPods: BluetoothCharging Case: Lightning connector', 'AirPods (each): 0.14 ounce (4 g)Charging Case: 1.34 ounces (38 g)', 'Bluetooth', '15 minutes in the case equals up to 3 hours listening time or up to 2 hours talk time', 'AirPods with Charging Case: More than 24 hours listening time, up to 18 hours talk timeAirPods (single charge): Up to 5 hours listening time, up to 3 hours talk time', 'Universal', 'Designed by AppleAutomatically on, automatically connectedEasy setup for all your Apple devicesQuick access to Siri by saying ""Hey Siri"" or setting up double-tapDouble-tap to play or skip forwardCharges quickly in the caseCase can be charged with a Lightning connectorRich, high-quality audio and voiceSeamless switching between devices', 'N/A', 'May 23, 2020']"
Apple AirPods Pro with Wireless Charging Case,9SIAN02B789128,53%,34,$227.95,,"['Brand ', 'Series ', 'Model ', 'Type ', 'Color ', 'Noise Cancelling ', 'Wireless Type ', ' ', 'Compatibility ', ' ', ' ', 'Date First Available ']","['Apple', 'AirPods Pro', 'MWP22AM/A-0130', 'True Wireless', 'Aluminum Silver & White', 'Active', 'Bluetooth 5.0', 'AirPods Pro with Wireless Charging Case\nMore than 24 hours of listening time\nMore than 18 hours of talk time', 'Universal', 'Audio Technology: \nActive Noise Cancellation\nTransparency mode\nAdaptive EQ\nVent system for pressure equalization\nCustom high-excursion Apple driver\nCustom high dynamic range amplifier\n\nSensors:\nDual beamforming microphones\nInward-facing microphone\nDual optical sensors\nMotion-detecting accelerometer\nSpeech-detecting accelerometer\nForce sensor\n\nChip: H1-based System in Package\nSweat and water resistant (IPX4)', 'AirPods Pro\nWireless Charging Case\nSilicone ear tips (three sizes)\nLightning to USB-C Cable\nDocumentation', 'March 19, 2020']"
Beyerdynamic DT 1990 PRO (710490) Tesla Studio Reference Over Ear Headphones (Open),0TH-00JD-000R7, , ,599.00,,"['Brand ', 'Model ', 'Part ', 'Type ', 'Color ', 'Driver Unit ', 'Frequency Response ', 'THD ', 'Input Impedance ', 'Connector ', 'Ear Coupling ', 'Cord Length ', 'Weight ', 'Date First Available ']","['Beyerdynamic', 'DT 1990 PRO', '710490', 'Over the Ear', 'Black', '45-mm dynamic Tesla neodymium driver', '5Hz-40KHz', '< 0.05% (1 mW / 500 Hz)', '250 ohms', 'Gold-plated mini stereo jack (3.5 mm) & 1/4"" adapter (6.35 mm)', 'Circumaural', '3m straight cable or 5m coiled cable (stretched), each detachable with a 3-pin mini XLR cable connector, single-sided', '0.82 lb. (370g)', 'March 12, 2020']"
"Soundcore Liberty True-Wireless Headphones, 100-Hour Playtime, Bluetooth 5 Wireless Earbuds with Graphene Driver Technology, Sweatproof True Wireless Earbuds with Smart AI, Stereo Handsfree Calls",9SIACCUAHR7323,91%,"1,703",79.99," 8-Hour Playtime Play music throughout a whole day at work, all on a single charge. Wider Soundstage Liberty’ s graphene drivers oscillate with extreme precision to bring you sound with extraordinary accuracy and an ultra-realistic listening experience. Fully Sweatproof Keep playing, running, and dancing in any conditions. Liberty wireless earbuds effortlessly resist sweat and rain, and can even be rinsed clean under the tap. Rock-Solid Fit Soundcore’ s proprietary Grip Fit technology keeps the wireless earbuds sitting securely in your ears— even when you’ re running for a bus or pushing your limits at the gym. Simply slide in and twist to lock. Bluetooth 5 Enjoy an ultra-stable, skip-free connection for uninterrupted streaming. Universal Comfort Liberty’ s eartips and jackets are engineered from a super-soft liquid silicone for exceptional in-ear comfort. With tips and jackets in multiple sizes to ensure everyone has a perfect listening experience.  ","['Brand ', 'Series ', 'Model ', 'Type ', 'Color ', 'Ear Coupling ', 'Wireless Type ', 'Operating Time ', 'Compatibility ', 'Date First Available ']","['Soundcore', 'Liberty', 'A3912011b', 'Wireless', 'Black', 'Earbud', 'Bluetooth', '8 hours(100hrs with the included charging case)', 'Universal', 'November 06, 2019']"
KEF Porsche Design MOTION ONE In-Ear Bluetooth Headphones,N82E16826416013, , ,$250.00,,"['Brand ', 'Model ', 'Type ', 'Driver Unit ', 'Frequency Response ', 'Input Impedance ', 'Sensitivity ', 'Weight ', 'Wireless Type ', 'Battery ', 'Operating Time ', 'Features ', 'Date First Available ']","['KEF', 'MOTIONONE', 'In-Ear', '8.6mm neodymium driver', '20Hz–20KHz', '16+/-15% ohm', '95 dB +/- 4 dB (IEC-318 at 1KHz)', '1.59 oz.', 'Bluetooth v4.1 with aptX codec', '140 mAh', 'Usage Time: Up to 10 hours (BT)', 'Bluetooth Qualcomm aptXConnect to MOTION ONE wirelessly from compatible smart devices using Bluetooth Qualcomm aptX audio for CD-like quality sound without wires. Wired high resolution soundConnect the cable provided to listen to high resolution sound the way it was meant to be heard. IPX5 water resistance certifiedRain, sweat and water sprays are not an issue, with IPX5 water resistance certification. Acoustic Directional Enclosures (ADE)Using vented 8.6mm neodymium drivers placed inside ADEs, MOTION ONE delivers rich bass, spacious mid-range and crisp high tones for a listening experience far better than its size suggests. Tangle free cable managementEach earphone has a built-in magnet and when not in use they can be snapped together for easy, tangle free storage. Pivoting earpieceA pivoted outer edge allows the earphone cables to be placed over the ear for additional support. Long wearing comfortAn ergonomic shell, angled to fit the ear canal, provides a comfortable fit. Dedicated music and call controlsSkip songs, change volume and pick up calls effortlessly with dedicated controls in easy reach. Hi-Fi grade materialsA gold plated plug and OFC 99.99 cable provides better corrosion resistance and improved electrical conductivity for better sound. Ultra-soft silicone eartipsThree different sizes of eartips are included to give you the best combination of in-ear comfort and acoustic seal. Up to 10 hours of playtimeListen to music for up to 10 hours and recharge easily through any USB.', 'November 24, 2017']"
"2019 Upgraded, Anker Soundcore Liberty Neo True Wireless Earbuds, Pumping Bass, IPX7 Waterproof, Secure Fit, Bluetooth 5 Headphones, Stereo Calls, Noise Isolation, One Step Pairing, Sports, Work Out",9SIACCUAK77489,91%,"1,703",39.99,,"['Brand ', 'Series ', 'Model ', 'Type ', 'Color ', 'Driver Unit ', 'Frequency Response ', 'THD ', 'Input Impedance ', 'Power Supply ', 'Ear Coupling ', 'Noise Cancelling ', 'Wireless Type ', 'Operating Time ', 'Features ', 'Date First Available ']","['Soundcore', 'Liberty Neo', 'A3911011b', 'Wireless', 'Black', '6mm', '20Hz-20KHz', '<= 1%', '16 ohms', 'Charging case', 'Earbud', 'Yes', 'Bluetooth 5.0', '5 hours (Extra 15 hours with charging case)', 'Wider Soundstage; Exceptional Clarity; BassUp Technology; Lightweight Build; Exceptional Comfort; Rock-Solid Fit; Fully Sweatproof; Unbreakable Connectivity', 'November 18, 2019']"
"Soundcore Spirit X Sports Earphones by Anker, Bluetooth 5.0, 12-Hour Battery, IPX7 Wireless Earbuds Headphones, Noise Isolation, SweatGuard Technology for Workout, Gym, Running",9SIACCUBA57591,91%,"1,703",25.99,,"['Brand ', 'Series ', 'Model ', 'Type ', 'Color ', 'Driver Unit ', 'Ear Coupling ', 'Wireless Type ', 'Operating Time ', 'Features ', 'Package Contents ', 'Option ', 'Date First Available ']","['Soundcore', 'Spirit X', 'A3451011b', 'Wireless In-Ear', 'Black', '10mm Composite Diaphragm', 'Binaural', 'Bluetooth 5.0', 'Up to 12 Hours (at 60% Volume)', ""Truly sweat proof technology: sweat guard is specially designed to resist the corrosive properties of sweat.High-octane sound: 10 mm dynamic drivers, precision tuning, and exclusive bass up technology ensure spirit x's Deep low-end is balanced by lush midst and crystal-clear treble.Extreme comfort: gentle over-ear hooks and softened silicone ear tips float effortlessly in place as you sprint, lift, and push your way to the limit.12-Hour playtime: get sublime bass-driven sound for well over a week of workouts from a single charge."", 'Soundcore Spirit XS/M/L/XL TipsS/M/L Ear WingsShirt ClipCable Clip x2Micro USB CableTravel Pouch', 'Bluetooth', 'April 27, 2020']"
"Anker Soundcore Life Q20 Hybrid Active Noise Cancelling Headphones, Wireless Over Ear Bluetooth Headphones with 40H Playtime, Hi-Res Audio, Deep Bass, Memory Foam Ear Cups and Headband for Travel,Work",9SIACCUAMP1526,91%,"1,703",$64.99," Hi-Res Audio Hear songs in the way they’ re supposed to be with Life Q20’ s Hi-Res Audio. The custom 40 mm dynamic drivers reproduce music with rich details and extraordinary clarity for a heightened listening experience. Hybrid Active Noise Cancellation Life Q20 active noise cancelling headphones are engineered with internal and external microphones to cancel out an extended range of low and mid-frequency noises such as airplane engines and traffic. Refer to the related videos below for a demonstration of noise cancellation mode. Bass Up Technology Our exclusive technology uses a customized algorithm to perform real-time analysis on your music and intensify the low frequencies for hard-hitting beats. Crystal-Clear Calls Life Q20’ s microphone enhances voice pick-up to ensure you sound crystal clear to the other end. Bluetooth 5 Get an ultra-fast and virtually unbreakable connection between Life Q20 active noise cancelling headphones and your mobile device. Compatible with smartphones, tablets, laptop computers, and more. Accessories In the box you’ ll find a travel pouch to conveniently store Life Q20 active noise cancelling headphones in, a 3.5 mm AUX cable to keep the music playing when you’ re low on battery, and a Micro USB cable to charge them with.   Sound: Hi-Res sound via 40 mm dynamic drivers, Bass Up technology, dual EQ modes Noise Cancellation: 4-microphone hybrid active noise cancellation for music, uplink noise reduction for calls Playtime: 60 Hours (ANC off) 40 Hours (ANC on) Fast Charging: Charge for 5 minutes, listen for 4 hours Connectivity: Bluetooth 5, AUX Recommended For: Travel, flight, train, commute","['Brand ', 'Series ', 'Model ', 'Type ', 'Color ', 'Ear Coupling ', 'Weight ', 'Noise Cancelling ', 'Wireless Type ', 'Operating Time ', 'Compatibility ', 'Features ', 'Option ', 'Date First Available ']","['Anker', 'Soundcore', 'Life Q20', 'Noise Cancelling', 'Silver', 'Binaural', '9.3 ounces', 'Active', 'Bluetooth', '60 Hours (ANC off) 40 Hours (ANC on)', 'Universal', 'Foldable design with ergonomic headband, memory foam ear cups and multi-point rotation, travel pouch', 'Bluetooth', 'November 28, 2019']"
KOSS White KE5W 3.5mm Connector Earbud Everywear Stereophone,9SIAFJ8A0G7723,78%,"1,689",6.53,,"['Brand ', 'Model ', 'Type ', 'Color ', 'Frequency Response ', 'THD ', 'Input Impedance ', 'Sensitivity ', 'Connector ', 'Ear Coupling ', 'Cord Length ', 'Weight ', 'Features ', 'Date First Available ']","['KOSS', 'KE5W', 'In-Ear', 'White', '60Hz-20KHz', '<0.5% Total', '16 ohms', '98dB S.P.L. at 1KHz', '3.5mm', 'Earbud', '4.00 ft.', '0.06', ""Ultra-lightweight, the KE5 is the perfect accessory for portable use. A 4-foot straight cord and L plug provide flexibility and reliability for active use. The KE5 is the perfect travel companion designed to fit into anyone's price range or travel plans."", 'September 15, 2019']"
Beyerdynamic DT 240 Pro Closed Studio Headphone,N82E16826380036, , ,$129.00,,"['Brand ', 'Model ', 'Part ', 'Type ', 'Color ', 'Frequency Response ', 'THD ', 'Input Impedance ', 'Power Supply ', 'Sensitivity ', 'Connector ', 'Ear Coupling ', 'Cord Length ', 'Weight ', 'Features ', 'Date First Available ']","['Beyerdynamic', 'DT 240 Pro', '718270', 'Over the Ear', 'Black', '5Hz-35KHz', '< 0.1% (1 mW / 500 Hz)', '34 ohms', 'Power handling capacity: 100 mW', 'Nominal SPL: 99 dB SPL (1 mW / 500 Hz)Max. SPL: 119 dB SPL (200 mW / 500 Hz)', 'Gold-plated mini stereo jack (3.5 mm) & 1/4"" adapter (6.35 mm)', 'Circumaural', '1.25 m / coiled cable, stretched 3 m, detachable, single-sided', '0.43 lb.', 'For studios and on the goProfessional sound tuningHigh noise attenuationExcellent wearing comfortRugged design', 'November 30, 2017']"
JBL Tune 125TWS True Wireless In-Ear Headphones - Black,N82E16826985143, , ,$99.95,,"['Brand ', 'Series ', 'Model ', 'Type ', 'Color ', 'Driver Unit ', 'Frequency Response ', 'Input Impedance ', 'Sensitivity ', 'Weight ', 'Wireless Type ', 'Battery ', 'Operating Time ', 'Microphone Sensitivity ', 'Features ', 'Package Contents ', 'Date First Available ']","['JBL', 'Tune 125TWS', 'JBLT125TWSBLKAM', 'In-Ear', 'Black', '5.8mm Dynamic driver', '20Hz-20KHz', '14 ohms', '96dB SPL @ 1kHz 1mW', '73g', 'Bluetooth version: 5.0Bluetooth profile version: A2DP 1.3, AVRCP 1.5, HFP V1.7', 'Headset battery type: Lithium-ion battery (85mAh / 3.7V DC)Charging case battery type: Lithium-ion battery (850mAh / 3.7V DC)Charging time (headset & charging case): < 2 hrs from empty', 'Music playtime with BT on: 8 hrs', '- 38 dBV / Pa @ 1kHz', 'Feel The BassFreedom From WiresListen For LongerFast PairEither Ear, Or BothFind Your Style', 'JBL TUNE 125TWS3 sizes of eartips (S, M, L)Type-C USB charging cableCharging case1 x Warranty / Warning (W / !)1 x QSG / Safety Sheet (S / i)', 'July 22, 2020']"
Apple Earpods OEM Original Stereo Headphones w/ Inline Control - White MD827LL/A,9SIAE4D72H5309,84%,332,10.95,"Earbuds with 3.5 MM Connector Deep, Rich Bass Protects Against Sweat & Water Inline Remote Controls Playback Inline Microphone General: Includes inline remote and mic Optional Connections: System Requirements: Works with all devices that have a Lightning connector and support iOS 10 or later, including iPod touch, iPad, and iPhone Fit Design In-Ear Only Earpiece Double Earpiece Design Earbud (In Ear) Microphone On-Cable Connectivity Connectivity Type Wired Connector (s) 3.5 mm Jack Frequency Response 20 Hz - 20 kHz On/Off Switch Without On/Off Switch Features Calling Functions, Microphone, Playback Controls, Sweat Proof, Volume Control, Water Resistant Weight 0.4 oz","['Brand ', 'Type ', 'Color ', 'Connector ', 'Ear Coupling ', 'Cord Length ', 'Option ', 'Date First Available ']","['Apple', 'Earbud', 'Black', '3.5mm', 'Earbud', '< 3.0 feet', 'Around Ear-Black', 'November 20, 2018']"
"Anker Soundcore Life Q10 Wireless Bluetooth Headphones, Over Ear and Foldable, Hi-Res Certified Sound, 60-Hour Playtime and Fast USB-C Charging, Deep Bass, Aux Input",9SIACCUAW57616,91%,"1,703",$39.99,,"['Brand ', 'Series ', 'Model ', 'Type ', 'Color ', 'Driver Unit ', 'Connector ', 'Ear Coupling ', 'Noise Cancelling ', 'Wireless Type ', 'Operating Time ', 'Compatibility ', 'Features ', 'Option ', 'Date First Available ']","['Anker', 'Soundcore', 'Life Q10', 'Over the Ear', 'Black/Red', '40mm', '3.5mm audio port', 'Binaural', 'Uplink noise reduction for calls', 'Bluetooth', 'Up to 60-Hour Playtime', 'Universal', 'Wireless, Hi-Res Audio, BassUp Technology, Foldable, Volume-Control, 60-Hour playtime, Fast-charging, Lightweight', 'Over-ear', 'January 10, 2020']"
FiiO E10K USB DAC Headphone Amplifier,9SIAEH0BSU1217,99%,69,75.99,Volume potentiometer with barrier-free design for easy operation Switchable built-in 3dB bass boosting circuit; superior to software EQ effect USB digital audio convert to coaxial digital audio output Fixed volume full-scale line level output for maximum signal quality Automatic support by modern OS without drivers. Maximum audio format: 96Khz/24Bit,"['Brand ', 'Model ', 'Type ', 'Color ', 'Cord Length ', 'Package Contents ', 'Date First Available ']","['FiiO', 'OLYMPUS2-E10K', 'Headphone', 'Black', '2.75 oz', 'FiiO E10K USB DAC Headphone Amplifier', 'August 05, 2020']"
Apple Airpods Wireless Bluetooth Headset - White (1st Generation),9SIAC8UC2D6463,74%,308,139.00,,"['Brand ', 'Model ', 'Type ', 'Color ', 'Connector ', 'Weight ', 'Wireless Type ', 'Operating Time ', 'Features ', 'Option ', 'Date First Available ']","['Apple', 'MMEF2AM/A', 'Wireless', 'White', 'AirPods: BluetoothWireless Charging Case: Charges via wireless (Qi-compatible) charging mat or Lightning connector', 'AirPods (each): 0.14 oz. (4 g)Wireless Charging Case: 1.41 oz. (40 g)', 'Bluetooth', 'AirPods with Wireless Charging Case: More than 24 hours listening time, up to 18 hours talk timeAirPods (single charge): Up to 5 hours listening time, up to 3 hours talk time15 minutes in the case equals up to 3 hours listening time or up to 2 hours talk time', 'Designed by AppleAutomatically on, automatically connectedEasy setup for all your Apple devices6Quick access to Siri by saying ""Hey Siri"" or setting up double-tapDouble-tap to play or skip forwardCharges quickly in the caseCase can be charged either wirelessly using a Qi-compatible charging mat or with the Lightning connectorRich, high-quality audio and voiceSeamless switching between devices', '2 Pairs Each Size', 'September 05, 2020']"
"Wireless Audio Headphones for Apple Airpods iOS, Samsung and Android Other Phones, Wireless Charging Case, TWS Pro, Bluetooth",9SIAKV2BA47997,44%,34,49.99,"Brsthones NEWEST Features:1.1:1 Size (Without Text on Charging Case)2.Support Name Change ,GPS Position4.Supprot Qi wireless charge5.Open the lid to connect6.Auto power on and power off7.Smart in-ear sensor and tap control8.Could be used separately or together9.Bluetooth 5.0 and Binaural call10.Hifi stereo and bass Connect with IOS Device :1.Open the lid of case and turn on the bluetooth on device , the pop up function will work . And you will see a notice to press the button on the back of charging case .2.Long press(about 4s) the button , you will see the white led blink . And the earbuds will connect with phone automatically . Connect with Android or Other Device :1.Open the lid of case and long press(about 4s) the button until make sure that the white led on the charging case blink .2.Turn on the bluetooth on device to search the earbuds bluetooth signal to connect .Note: DON'T COPY OUR BRAND DESCRIPITION AND PICTURE, THANKS (Brsthones)","['Brand ', 'Series ', 'Model ', 'Type ', 'Color ', 'Connector ', 'Ear Coupling ', 'Weight ', 'Noise Cancelling ', 'Wireless Type ', 'Operating Time ', 'Compatibility ', 'Option ', 'Date First Available ']","['Brsthones', 'AP TWS', 'Wireless Earphone', 'In-Ear', 'Black', 'Wireless', 'Binaural', '0.2kg', 'Yes', 'Bluetooth', '3.5 - 4 hours', 'Universal', '2 Pairs Each Size', 'April 13, 2020']"
"Wireless Earphone, Hrayzan Earbud Bluetooth Headphone for IOS & Android Sports headset",9SIANEHBA62516,83%,12,$24.99,"2020 latest Hot Bluetooth Wireless Earbuds Easy operation: For iPhone: Open the charging case, the Earbuds will turn on automatically. After waiting for 3 seconds for the Earbuds to pair, the IOS system device will be inserted into the pairing window. Just select the connection. For other system devices (like Android phone): When pairing with other system devices, open the phone or other device Bluetooth settings; Open the top cover of the charging box and hold the button on the back of the charging case for 3 seconds; Search for the Bluetooth name ""Airpods"", clich to connect to bluetooth *Once paired, once turned on, the Bluetooth earbuds will automatically connect to your mobile device. * Audio automatically plays as soon as you put them in your ears and pauses when you take them out. Note: You will hear a tone before the music plays automatically Product List: Wireless Charge Case x 1 Bluetooth headphone x 2 Charging cable x1 User manual x1 We provide 5x24 customer service: if you have any questions about the use process, please contact us by email. Support 7 days unconditional return.","['Type ', 'Color ', 'Ear Coupling ', 'Wireless Type ', 'Compatibility ', 'Option ', 'Date First Available ']","['Wireless', 'White', 'Earbud', 'Bluetooth', 'Universal', 'Truly Wireless', 'April 28, 2020']"
"Original OEM APPLE Earpods Earbuds Earphones Headphone Headset with Mic and Remote for Apple iPad3/2/1 iPhone 6 / 6Plus / 5 / 5S /4S Ipod Touch 5 Ipod 5th Ipod Nano7, White",9SIAB20BCA3256,21%,102,6.99,"Features * 3.5 mm in-ear style earphone with 1.0 m cable * Features a microphone and a volume control button * Allows you to conveniently enjoy videos or music * Enjoy hands-free calls at anytime * Compact size for ease of carrying General Specs * Type: In-ear earphone * Volume Control: Yes * Microphone: Yes * Plug Standard: 3.5 mm * Cable Length: 1.0 meters * Compatibilities: iPhone 6 / 6 PLUS /5 /5S/5C, iPod Touch 5, iPod Nano 7, iPhone 4/4S, iPad 4 and other devices with 3.5 mm audio port","['Brand ', 'Model ', 'Part ', 'Type ', 'Color ', 'Connector ', 'Ear Coupling ', 'Cord Length ', 'Wireless Type ', 'Option ', 'Date First Available ']","['Apple', 'EarPods', 'MD827LL/A', 'Earbud', 'White', '3.5mm', 'Earbud', '3.0 feet  - 5.0 feet', 'No', 'In-Ear-White', 'May 13, 2020']"
Pioneer SE-IM5BT IRONMAN Wireless Sports Earphones (Blue),N82E16826621087, , ,24.99,,"['Brand ', 'Part ', 'Type ', 'Color ', 'Driver Unit ', 'Frequency Response ', 'Input Impedance ', 'Sensitivity ', 'Cord Length ', 'Weight ', 'Wireless Type ', 'Features ', 'Date First Available ']","['Pioneer', 'SE-IM5BT-L', 'In-Ear', 'Blue', '10mm', '20Hz–20KHz', '16 ohms', '102 dB/mW', '3.94 ft.', '0.05 lb.', 'Bluetooth', 'Integrated Clothing ClipWater and Sweat Resistant (IPX4)Handsfree Calling with Integrated MicWorks with Most Smartphones, PC & TabletsConvenient Three Button Remote ControlLightweight DesignMusic Playback / Talk Time: Up to 8 hoursMultipoint (Pairs with 2 Devices Simultaneously)Bluetooth Profiles: A2DP, AVRCP, HFP, HSPBluetooth Version V4.1 with 32 Feet Range', 'August 31, 2020']"
Beyerdynamic Aventho (717440) Wireless Mobile Bluetooth Headphones with Sound Personalization (Black),0TH-00JD-00145, , ,$379.00,,"['Brand ', 'Model ', 'Part ', 'Type ', 'Color ', 'Frequency Response ', 'Input Impedance ', 'Sensitivity ', 'Ear Coupling ', 'Weight ', 'Wireless Type ', 'Operating Time ', 'Features ', 'Date First Available ']","['Beyerdynamic', 'Aventho Wireless', '717440', 'On-Ear', 'Black', '10Hz-40KHz', '32 ohms', '105 dB SPL (1 mW / 500 Hz)', 'Supra-aural', '0.52 lb.', 'Bluetooth', 'More than 30 hours', 'Supraaural Tesla Bluetooth headphones with optimum sound quality (Qualcomm aptX HD und AAC) and more than 30 hours battery lifeDynamic sound personalization thanks to beyerdynamic MIY AppIntuitive operation via the touchpad integrated in the ear cup with handsfree microphone for phone calls  Stylish design thanks to valuable materials and high-quality finish', 'February 20, 2018']"
Beyerdynamic DT 1770 PRO (710717) Tesla Studio Reference Over Ear Headphones (Closed),9SIAGTBBZY4233,100%,4,549.95,,"['Brand ', 'Model ', 'Part ', 'Type ', 'Color ', 'Input Impedance ', 'Connector ', 'Ear Coupling ', 'Cord Length ', 'Date First Available ']","['Beyerdynamic', 'DT 1770 PRO', '710717', 'Over the Ear', 'Black', '250 ohms', 'Yes', 'Circumaural', '9.000', 'September 01, 2020']"
Sennheiser HD 206 Closed-Back Over Ear Headphones,9SIA4RE8AN4587,81%,"12,045",58.89,"Great sound doesn't have to cost a fortune. These comfortable, lightweight, supra-aural headphones provide dynamic audio with crisp bass and good external noise attenuation without breaking the bank.  Feature: Lightweight and comfortable designed ideal for long listening, studio or DJ sessions 24-ohm impedance provides compatibility with cell phones, tablets, computers, portable audio players and studio recorders 1/8"" plug ( 3.5 mm) with 1/4"" ( 6.3 mm) adapter included. Cable length: 3m  Reviews: Nathan B. Very nice headphones for content consumption at home. Light and comfortable without feeling flimsy and they sound great for the price. However, the 10 foot long undetachable cable and a design that doesn't include in-line controls or fold or collapse do not make these a good travel companion. If you are willing to pay $100 more you can get headphones that immediately sound noticably clearer, fuller, and louder, but if you were willing to pay that much you probably wouldn't be looking at these. Great replacement for the earbuds that came with your phone, but they won't satisfy picky audiophiles or commuters. Calvin D. Senechal The rating system for headphones leaves much to be desired. The HD 206 headphone is one of the most satisfying headphones that I have ever owned. It's frequency response goes very low as well as very high without harshness. The amount of bass is properly balanced. The 206's perform very well with any genre of music and voices. The 206's clean up vocals especially opera singers. The older recorded music is benefited by these phones with better clarity and low distortion. They work very well with my mp3 players as well as my iPhone and iPad mini. I would rate them as a five but there are many very good headphones made today which are much more expensive and better sounding. But what is better? The 206's represents the music accurately. I did plug them directly into my computer's sound card. They did not do that well because the sound cards in most computers are not that good. The source which drives these headphones need to be quality for quality results. I call these phones my smog lifters. I am keeping them but I own two other very good phones too.","['Brand ', 'Model ', 'Type ', 'Color ', 'Frequency Response ', 'THD ', 'Input Impedance ', 'Sensitivity ', 'Connector ', 'Ear Coupling ', 'Cord Length ', 'Weight ', 'Compatibility ', 'Features ', 'Package Contents ', 'Option ', 'Date First Available ']","['Sennheiser', 'HD 206 PRO', 'Stereo / DJ', 'Black', '8Hz-25KHz', '<0.1%', '64 ohms (nominal)', '102 dB (SPL)', '3.5mm/ 6.3mm', 'Circumaural', '3.3 - 9.8 feet Coiled', '7.80 oz. w/o cable', 'Universal', 'Dynamic, Noise Isolating, Around-the-earLightweight and comfortable, ergonomic designExtended frequency response, natural sound reproductionLightweight and comfortable, ergonomic designClosed, dynamic stereo headphonesAccurate, linear sound reproduction for critical monitoring applicationsOptimum impedance ensures universal compatibilitySpace saving design features collapsible, rotating earcupsUp to 32 dB of ambient noise attenuationNeodymium magnets for high maximum SPLSingle-sided, coiled cable with 3.5 mm mini jack with locking 1/4"" adapterRugged construction with user-replaceable partsContact pressure: 6 NLoad rating: 500 mW', '1 pair of HD 280 PRO headphone1 screw-type adapter to 1/4""', 'New', 'October 11, 2018']"
Sony WH-1000XM3/S Wireless Industry-Leading Noise-Cancelling Over-Ear Headphones with Google Assistant (Silver),9SIABKXA4C4238,86%,267,254.95,,"['Brand ', 'Type ', 'Color ', 'Connector ', 'Noise Cancelling ', 'Compatibility ', 'Option ', 'Date First Available ']","['SONY', 'Over the Ear', 'Silver', 'Yes', 'Active', 'N/A', 'Bluetooth', 'September 27, 2019']"
Philips SHB2515BK UpBeat In-Ear True Wireless Bluetooth Headphones,0TH-003M-002J3, , ,$109.99,,"['Brand ', 'Series ', 'Model ', 'Type ', 'Color ', 'Driver Unit ', 'Wireless Type ', ' ', ' ', ' ', ' ', 'Date First Available ']","['PHILIPS', 'UpBeat', 'SHB2515BK/00', 'True Wireless In-Ear', 'Black', '6mm', 'Bluetooth 5.0', 'One charge from the case takes around 1.5 hours, and gives you around 3 hours play time or talk time', 'Up to 70 hours play time or talk time with the case', ""Get up to 70 hours play time or talk time with the case\n\nHit the road with multiple charges in your pocket. Head out with a fully powered charging case, and you get up to 70 hours play time. One charge from the case takes around 1.5 hours, and gives you around 3 hours play time or talk time.\n\nPortable charging case with built-in 3350 mAH power bank\n\nNever run out of power. The charging case with built-in 3350 mAH power bank doesn't just charge your headphones - it also charges your phone. Simply plug your smart device into the case via the USB port.\n\nSoft rubberized wing tips. Secure and comfortable\n\nYou can rock your sounds in real comfort thanks to the snug-fitting, lightweight design. The soft rubberized wing tips fit securely under the fold of your outer ear. Interchangeable rubber ear-tip covers let you find the perfect in-ear fit-creating a tight seal so you won't miss a beat.\n\n6 mm neodymium acoustic drivers. Great sound, punchy bass\n\nThe 6 mm neodymium acoustic drivers give you great sound and punchy bass. The oval-shaped acoustic tube maximizes passive noise isolation. Mono mode gives you the option to leave one ear free for when you want to stay aware of the world around you.\n\nSmart pairing. Automatically find your Bluetooth device\n\nYour headphones are ready to pair the instant you take them out of the case. Once they're paired, the headphones remember the last device they were paired with.\n\nMulti-function button. Easily control music and calls\n\nEasily control music and calls via the multi-function button. Don't like the current track? Skip it with a long press. Want to reject a call and keep listening? A simple button-press takes care of that. The built-in mic with echo cancellation keeps sound clear when you do want to talk.\n\nBuilt-in mic with echo cancellation for clear audio\n\nNo more of those annoying echoes when you are talking on the phone. With our acoustic echo cancellation, you always get a clear, undisturbed connection."", 'Small, Medium and Large Ear Covers\nUSB Charging Cable', 'October 28, 2019']"
Beats by Dr. Dre - Solo3 Wireless On-Ear Headphones - Gloss Black,9SIA9HABUJ8032,84%,86,139.99,,"['Brand ', 'Model ', 'Part ', 'Type ', 'Color ', 'Connector ', 'Weight ', 'Wireless Type ', 'Operating Time ', 'Features ', 'Package Contents ', 'Date First Available ']","['Beats', 'Solo3', 'MNEN2LL/A', 'On-Ear', 'Glossy Black', '3.5mm', '7.58 oz. / 215g', 'Bluetooth', 'Up to 40 hours of battery life', 'Apple W1 ChipBeats and Apple are changing the way you listen to music with the introduction of Apple W1 technology in Beats Solo3 Wireless. Incorporating the incredible W1 chip brings seamless setup and switching for your Apple devices, amazing battery life, and 5-minute Fast Fuel charging.Up To 40 Hours Of Battery LifePut it on repeat and stay unplugged all day thanks to the new Apple W1 technology, which brings 40 hours of battery life, 5-minute Fast Fuel and seamless setup and switching for your Apple devices to the new Beats Solo3 Wireless.Award-Winning SoundThis headphone delivers premium playback with fine-tuned acoustics that maximize clarity, breadth, and balance. The comfort-cushion ear cups buffer outside noise for immersive sound so you can experience music the way it was meant to be heard.5 Minute Charge = 3 Hours of PlaybackWith Fast Fuel, 5 minutes of charging gets you 3 hours of playback when battery is low.', 'Beats Solo3 Wireless headphonesCarrying CaseUniversal USB charging cable (USB-A to USB Micro-B)Quick Start GuideWarranty Card', 'July 07, 2020']"
Beats Solo3 Wireless On-Ear Headphones - (PRODUCT)RED,9SIAMS4B8T9387,50%,2,159.00,"With up to 40 hours of battery life and the efficient Apple W1 chip, Beats Solo3 Wireless Bluetooth headphones in (PRODUCT) RED are your perfect everyday headphones. With Fast Fuel, a 5-minute charge gives you 3 hours of playback. Enjoy award-winning Beats sound with Class 1 Bluetooth wireless listening freedom. The on-ear, cushioned ear cups are adjustable so you can customize your fit for all-day comfort. Wireless the way it should be. Beats Solo3 Wireless Headphones are ready to go when you are. They instantly set up - just power on and hold them near your iPhone - and then simultaneously connect to your Apple Watch, iPad and Mac. With Class 1 Bluetooth technology, Solo3 Wireless provide the soundtrack to your life with wireless efficiency. The Beats Solo3 wireless headphones are compatible with iOS and Android devices. Highlights The efficient Apple W1 chip brings seamless setup and switching for your Apple devices, * up to 40 hours of battery life, and Fast Fuel technology for 3 hours of play with a 5-minute charge. Connect via Class 1 Bluetooth with your device for wireless listening The award-winning sound and design you? ve come to love from Beats Adjustable fit with comfort-cushioned ear cups made for everyday use Sleek, streamlined design that? s durable and foldable to go everywhere you do Take calls, control your music, and activate Siri with the multifunction on-ear controls *Requires iCloud account and macOS Sierra, iOS 10, watchOS 3 or later versions On-ear control Audio playback and volume controls Phone call controls General Height: 7.8 in / 19.8 cm Weight: 7.58 oz / 215 g Form factor: On ear Power: Rechargeable lithium-ion Connectivity Class 1 Wireless Bluetooth Micro USB port Other features Stereo Bluetooth Beamforming mic for optimal call clarity Noise Isolation","['Brand ', 'Series ', 'Model ', 'Type ', 'Color ', 'Connector ', 'Wireless Type ', 'Compatibility ', 'Package Contents ', 'Option ', 'Date First Available ']","['Beats by Dre', 'Solo 3', 'Solo 3 Wireless', 'Headphone', 'Red', 'Bluetooth', 'Bluetooth', 'Beats', 'Beats Solo3 Wireless Headphones Carrying Case 3.5mm RemoteTalk Cable Universal USB Charging Cable Quick Start Guide Warranty Card', 'ATH-ANC27X', 'April 29, 2020']"
Audio-Technica ATH-AD900X Audiophile Open-Air Headphones,9SIA1CZ7VM4190,86%,"2,151",133.99,,"['Brand ', 'Model ', 'Type ', 'Driver Unit ', 'Frequency Response ', 'Input Impedance ', 'Power Supply ', 'Sensitivity ', 'Connector ', 'Cord Length ', 'Features ', 'Date First Available ']","['Audio-Technica', 'ATH-AD900x', 'Headphone', '53mm', '5Hz-35KHz', '38 ohms', '1,000 mW', '100 dB/mW', '3.5mm', ""3.0 m (9.8')"", 'Audiophile-quality open-air headphones deliver clear, natural vocal and instrumental reproduction, a smooth tonal balance, precise imaging and superlative dynamic rangeLarge-aperture 53 mm drivers and CCAW voice coils for superior sound reproductionNo sense of pressure on the ears, resulting in a completely natural sensation3D Wing Support Housing offers a vibration-proof mechanism that provides comfortable support for a better listening experienceExtremely comfortable ear-fitting padsGold-plated stereo 1/8"" (3.5 mm) connector with 1/4"" (6.3 mm) adapter', 'March 12, 2019']"
"Soundcore Liberty Air 2 Wireless Earbuds, by Anker, Diamond-Inspired Drivers, 4 Mics, Noise Reduction, 28H Playtime, HearID, Bluetooth 5, Wireless Charging, for Calls, Home Office",9SIACCUBA56778,91%,"1,703",99.99,"Key FeaturesSound with Exceptional Accuracy and Clarity:  The diamond-inspired drivers are lightweight, yet rigid for precise sound reproduction and extended treble and bass.aptX Audio:   Ensures lossless sound transfer when streaming media from your device. Hear ID Tailored Sound:   Maps your hearing sensitivity across multiple frequencies to create custom EQ settings for a truly personalized listening experience. 22 EQ Modes:   Use the Soundcore App to choose from a vast range of customized settings to get the most out of your favorite genres. Crystal-Clear Calls:   4 microphones with the latest cVc noise reduction technology effectively highlight your voice while reducing background sounds. Up to 28 Hours of Playtime:   Enjoy 7 hours of playtime on a single charge and extend to 28 hours with the charging case. Fast-Charging:   When you're running short on time, a 10-minute charge will give you 2 hours of listening. Wireless Charging Compatible:   Simply place the charging case on a wireless charging pad for convenient charging. Water-Resistant Design:   Liberty Air 2's IPX5-rated protection defends your earbuds against rain, sweat, and more. Customizable Ear Tips:   Choose from 5 sizes of Ear Tips to find your perfect fit for enhanced passive noise cancellation and comfort. Note: If using with an iPhone 11, incoming calls may cause the Bluetooth connection to drop for 2 - 4 seconds before reconnecting. Upgrade to iPhone 11/iPhone 11 Pro's latest version of iOS to ensure compatibility with Liberty Air 2. Playtime varies according to volume and audio content. This product cannot be connected with multiple devices at the same time. If you need a pair of earbuds that simultaneously connects with multiple devices, check out Soundbuds slim and Spirit X (Upgraded). When enjoying the immersive listening experience, ensure you pay attention to your personal safety. Specifications Impedance: 16 Ω Frequency response: 20 Hz - 20 kHz Bluetooth audio codec: SBC, AAC, aptX Bluetooth transmitter frequency: 2402-2480 MHz Bluetooth range: 10m / 32ft What's In The Box Liberty Air 2 True Wireless Earphones Charging Case XS/S/M/L/XL Ear Tips USB-C Cable Quick Start Guide 18-Month Warranty Friendly Customer Service ","['Brand ', 'Model ', 'Type ', 'Color ', 'Ear Coupling ', 'Operating Time ', 'Compatibility ', 'Features ', 'Option ', 'Date First Available ']","['Soundcore', 'Liberty Air 2', 'Wireless', 'Black', 'Binaural', '7 Hours\t(28 Hours with Charging Case)', 'Universal', 'HearID personalized sound, wireless charging, Qualcomm aptX, touch control', 'Truly Wireless', 'April 26, 2020']"
"USB Gaming headset for PC/MAC, Wired Gaming Headphones with 7.1 Surround Sound, Noise Canceling Microphone and RGB Light, 50mm Driver, Compatible with Desktop, Black",9SIANEHBVR2202,83%,12,29.99,"Multi-Platform CompatibilityProfessional gaming headset with USB connection, compatible with PC, Mac, Laptop, Desktop.Superior Sound Quality50mm magnetic neodymium driver unit, composite diaphragm with professional acoustic team tuning to optimize gaming styles for clear sound and powerful low-frequency performance.In-Line Control, Plug & PlayAdjust your volume, light effects and mute the microphone on the fly with intuitive in-line controls. 8.2 ft cable in robust PVC material and it is plug and play, no setup needed.All-Day ComfortLightweight and flexible POK headband with skin-friendly leatherette ear pad. Ergonomic design prevents pressure built-up, makes sure you will always enjoy the game with optimal wearing comfort.","['Type ', 'Color ', 'Connector ', 'Ear Coupling ', 'Cord Length ', 'Noise Cancelling ', 'Compatibility ', 'Option ', 'Date First Available ']","['Headset', 'Black', 'USB', 'Circumaural', '5.1 feet - 7.9 feet', 'Yes', 'Universal', 'Over-Ear Wired', 'July 24, 2020']"
Sennheiser CX175 In-Ear Phones Headphones Dynamic Speaker Noise Attenuation HiFi,9SIA4RE8B14377,81%,"12,045",26.49,"High powered dynamic speaker systems for an outstanding audio performance Ear adapters in different sizes for excellent ear canal fit and ambient noise attenuation Optimised for MP3, iPad, iPod, iPhon Frequency response: 17 - 23.000 Hz Impedance: 16 ohm SPL: 121 dB Connector: 3.5 mm Cable lenght: 1.2 m Ear coupling: Intraura THD: <1%","['Brand ', 'Part ', 'Type ', 'Color ', 'Frequency Response ', 'THD ', 'Input Impedance ', 'Sensitivity ', 'Connector ', 'Ear Coupling ', 'Cord Length ', 'Package Contents ', 'Date First Available ']","['Sennheiser', '505420', 'Earbud', 'Black', '17Hz-23KHz', '< 1 %', '16 ohms', '121dB S.P.L. at 1KHz', '3.5mm', 'Earbud', '3.0 feet  - 5.0 feet', 'CX 175 ear canal phonesEar adaptor sets', 'October 12, 2018']"
"Soundcore Liberty Air 2 Wireless Earbuds, by Anker, Diamond-Inspired Drivers, 4 Mics, Noise Reduction, 28H Playtime, HearID, Bluetooth 5, Wireless Charging, for Calls, Home Office",9SIACCUBA56780,91%,"1,703",99.99,"Key FeaturesSound with Exceptional Accuracy and Clarity:  The diamond-inspired drivers are lightweight, yet rigid for precise sound reproduction and extended treble and bass.aptX Audio:   Ensures lossless sound transfer when streaming media from your device. Hear ID Tailored Sound:   Maps your hearing sensitivity across multiple frequencies to create custom EQ settings for a truly personalized listening experience. 22 EQ Modes:   Use the Soundcore App to choose from a vast range of customized settings to get the most out of your favorite genres. Crystal-Clear Calls:   4 microphones with the latest cVc noise reduction technology effectively highlight your voice while reducing background sounds. Up to 28 Hours of Playtime:   Enjoy 7 hours of playtime on a single charge and extend to 28 hours with the charging case. Fast-Charging:   When you're running short on time, a 10-minute charge will give you 2 hours of listening. Wireless Charging Compatible:   Simply place the charging case on a wireless charging pad for convenient charging. Water-Resistant Design:   Liberty Air 2's IPX5-rated protection defends your earbuds against rain, sweat, and more. Customizable Ear Tips:   Choose from 5 sizes of Ear Tips to find your perfect fit for enhanced passive noise cancellation and comfort. Note: If using with an iPhone 11, incoming calls may cause the Bluetooth connection to drop for 2 - 4 seconds before reconnecting. Upgrade to iPhone 11/iPhone 11 Pro's latest version of iOS to ensure compatibility with Liberty Air 2. Playtime varies according to volume and audio content. This product cannot be connected with multiple devices at the same time. If you need a pair of earbuds that simultaneously connects with multiple devices, check out Soundbuds slim and Spirit X (Upgraded). When enjoying the immersive listening experience, ensure you pay attention to your personal safety. Specifications Impedance: 16 Ω Frequency response: 20 Hz - 20 kHz Bluetooth audio codec: SBC, AAC, aptX Bluetooth transmitter frequency: 2402-2480 MHz Bluetooth range: 10m / 32ft What's In The Box Liberty Air 2 True Wireless Earphones Charging Case XS/S/M/L/XL Ear Tips USB-C Cable Quick Start Guide 18-Month Warranty Friendly Customer Service ","['Brand ', 'Model ', 'Type ', 'Color ', 'Ear Coupling ', 'Operating Time ', 'Compatibility ', 'Features ', 'Option ', 'Date First Available ']","['Soundcore', 'Liberty Air 2', 'Wireless', 'White', 'Binaural', '7 Hours\t(28 Hours with Charging Case)', 'Universal', 'HearID personalized sound, wireless charging, Qualcomm aptX, touch control', 'Truly Wireless', 'April 26, 2020']"
"[Upgraded] Anker Soundbuds Curve Wireless Headphones, 18H Battery, IPX7 Waterproof Bluetooth Headphones, Bluetooth 5.0, Built in Mic and Carry Pouch, SweatGuard Technology for Workout, Gym, Running",9SIACCUAMN9373,91%,"1,703",26.99," Sound Buds Curve Wireless Headphones The Wireless Headphones With Superior Sound And Comfort From ANKER, the Choice of 20 Million+ Happy Users • Industry-Leading Technology • Worry-free 18 month warranty Powerful Sounds Powerful Qualcomm? apt X™ audio for superior sounds and clear calls with cVc Noise Cancellation technology. Memory foam tips provide total isolation from external noise. Stick With You Ear Tips in multiple sizes offer excellent comfort day in, day out and silicone Ear Wings ensure Sound Buds stay in place during your most hardcore workouts. Zero to Hero Fully charged in just 1.5 hours. Up to 14 hours of talk time and 12.5 hours of music time keep you tuned in no matter how long your gym session. Don't Sweat It Protective water-resistant shell and internal nano-coating keeps the tunes coming, whether you're sweating buckets or running in the rain. Seamless Control Effortlessly skip songs or answer a call using the 3-button remote with built-in microphone. Worry-Free Warranty You can enjoy peace of mind with our fan favorite 18-month warranty. Note: Playtime varies according to volume level and audio content.  ","['Brand ', 'Series ', 'Model ', 'Type ', 'Color ', 'Ear Coupling ', 'Weight ', 'Wireless Type ', 'Operating Time ', 'Features ', 'Date First Available ']","['Anker', 'Soundbuds', 'Soundbuds Curve', 'Wireless', 'Black', 'Binaural', '0.8 ounces', 'Bluetooth', '18 Hours', 'Premium Battery Life / cVc Noise Cancellation', 'November 25, 2019']"
Sennheiser HD 599 Around-Ear Headphones - Ivory,N82E16826106871, , ,199.95,,"['Brand ', 'Model ', 'Type ', 'Color ', 'Frequency Response ', 'THD ', 'Connector ', 'Ear Coupling ', 'Cord Length ', 'Features ', 'Package Contents ', 'Date First Available ']","['Sennheiser', 'HD 599', 'Over the Ear', 'Ivory', '12Hz-38.5KHz', '<0.1% (1kHz, 100dB SPL)', '3.5mm/ 6.3mm', 'Circumaural', '3.94 ft.', 'Open circumaural (around ear) design  Ivory Color & Matte Finish  Brown Stitches on Headband Sleeve; Matte Metallic Deco Ring on Ear cup  Powered by Sennheiser proprietary drivers, featuring a 38mm 50 ohm transducer  Soft, replaceable ear pads for enhanced comfort  Robust 3m detachable cable and 6.3mm jack  Additional 1.2m detachable cable with 3.5mm Jack  6.3mm to 3.5mm jack adaptor included', 'HD 599 headphones3 m cable / 6.3 mm straight plug1.2 m cable/ 3.5 mm straight plug6.3 mm to 3.5 mm adaptor', 'September 19, 2016']"
"Beats by Dr. Dre | Solo3 Wireless On-Ear Headphones, Gloss White",9SIAMS4B8T9388,50%,2,159.00,,"['Brand ', 'Model ', 'Type ', 'Color ', 'Connector ', 'Weight ', 'Wireless Type ', 'Features ', 'Date First Available ']","['Beats', 'Solo3', 'On-Ear', 'Gloss White', '3.5mm', '7.58 oz. / 215 g', 'Bluetooth', ""Connect via Class 1 Bluetooth with your device for wireless listeningThe award-winning sound and design you've come to love from BeatsUp to 40 hours of battery life for multi-day useWith Fast Fuel, 5 minutes of charging gives you 3 hours of playback when battery is lowAdjustable fit with comfort-cushioned ear cups made for everyday useSleek, streamlined design that's durable and foldable to go everywhere you doTake calls, control your music and activate Siri with the multifunction on-ear controlsOn-board call and music controlsOn-board volume controlBeamforming mic for optimal call clarityNoise IsolationStereo BluetoothPassive playback via RemoteTalk cableRemoteTalk cable with inline controlsLED fuel gaugeCharge via Micro-USB cable"", 'April 29, 2020']"
"Beats by Dr. Dre | Solo3 Wireless On-Ear Headphones, Gold",9SIAMS4B8T9386,50%,2,159.00,,"['Brand ', 'Model ', 'Type ', 'Color ', 'Connector ', 'Weight ', 'Wireless Type ', 'Operating Time ', 'Features ', 'Date First Available ']","['Beats', 'MNER2LL/A', 'On-Ear', 'Gold', '3.5mm', '7.58 oz. / 215g', 'Bluetooth', 'Up to 40 hours of battery life', ""Connect via Class 1 Bluetooth with your device for wireless listeningThe award-winning sound and design you've come to love from BeatsUp to 40 hours of battery life for multi-day useWith Fast Fuel, 5 minutes of charging gives you 3 hours of playback when battery is lowAdjustable fit with comfort-cushioned ear cups made for everyday useSleek, streamlined design that's durable and foldable to go everywhere you doTake calls, control your music and activate Siri with the multifunction on-ear controlsOn-Board Call and Music ControlsOn-Board Volume ControlBeam-Forming Mic for Optimal Call ClarityNoise IsolationStereo BluetoothPassive Playback via RemoteTalk cableRemoteTalk Cable with inline ControlsLED Fuel GaugeCharge via Micro-USB cable"", 'April 29, 2020']"
JBL TUNE 225TWS True Wireless In-Ear Headphones - White,9SIA5Z2BT94458,86%,"1,039",69.95,,"['Brand ', 'Series ', 'Model ', 'Type ', 'Color ', 'Driver Unit ', 'Frequency Response ', 'Input Impedance ', 'Sensitivity ', 'Weight ', 'Wireless Type ', 'Battery ', 'Operating Time ', 'Microphone Sensitivity ', 'Features ', 'Package Contents ', 'Date First Available ']","['JBL', 'TUNE 225TWS', 'JBLT225TWSWHTAM', 'Earbud', 'White', '12mm Dynamic driver', '20Hz-20KHz', '32 ohms', '105dB SPL', '57g', 'Bluetooth version: 5.0Bluetooth profile version: A2DP 1.3, AVRCP 1.5, HFP 1.7', 'Headset battery type: Lithium-ion battery (22mAh / 3.85V)Charging case battery type: Lithium-ion battery (410mAh / 3.85V)Charging time: <2 hrs from empty', 'Music playtime with BT on: up to 5 hrsTotal music playtime with charging case: up to 25 hrs', '-30dBV@1kHz/Pa', 'Feel The BassFreedom From WiresListen For LongerEither Ear, Or BothFind Your StyleSleek, Convenient Charging Case', 'JBL TUNE 225TWSType-C USB charging cableCharging case1 x Warranty / Warning 1 x QSG / Safety Sheet', 'August 06, 2020']"
SIROKA-IPX6 waterproof portable mini earbuds stereo surround Hi-Fi wireless earbuds LED digital power display bluetooth headset in-ear wireless earphone,9SIAMN8B247261,33%,3,18.79,,"['Series ', 'Type ', 'Color ', 'Input Impedance ', 'Ear Coupling ', 'Noise Cancelling ', 'Wireless Type ', 'Microphone Frequency Response ', 'Compatibility ', 'Option ', 'Date First Available ']","['Sports Series', 'Earbud', 'Black', '32 ohms', 'Earbud', 'Yes', 'Bluetooth', '20Hz-18KHz', 'Universal', 'In-Ear-Black', 'February 27, 2020']"
"Anker Soundcore Life P2 True Wireless Earbuds with 4 Microphones, CVC 8.0 Noise Reduction, Graphene Drivers for Clear Sound, USB C, 40H Playtime, IPX7 Waterproof",9SIACCUAMP1470,91%,"1,703",$49.99,,"['Brand ', 'Model ', 'Type ', 'Color ', 'Power Supply ', 'Ear Coupling ', 'Noise Cancelling ', 'Wireless Type ', 'Operating Time ', 'Compatibility ', 'Features ', 'Option ', 'Date First Available ']","['Soudcore', 'Life P2', 'Wireless', 'Black', 'Charging Case', 'Earbud', 'Yes', 'Bluetooth', '7 Hours\t(40 Hours with Charging Case)', 'Universal', 'Single earbud use, USB-C, PUSH AND GO technology', 'Truly Wireless', 'November 28, 2019']"
"COWIN E7 Active Noise Cancelling Headphones with Bluetooth and Mic - 30H Playtime for Travel, Work, TV, PC, and Cellphone",9SIAHP27W75377,85%,233,49.99,,"['Brand ', 'Model ', 'Type ', 'Color ', 'Driver Unit ', 'Frequency Response ', 'Input Impedance ', 'Signal to Noise Ratio(SNR) ', 'Connector ', 'Ear Coupling ', 'Weight ', 'Noise Cancelling ', 'Wireless Type ', 'Operating Time ', 'Compatibility ', 'Features ', 'Package Contents ', 'Date First Available ']","['Cowin', 'cowin E7 ANC', 'Noise Cancelling', 'Black', '40mm', '20Hz-20KHz', '16 ohms', '>= 85dB', '3.5mm/ USB', 'Supra-aural', '0.85lb', 'Active', 'Bluetooth', '30 hours', 'Universal', 'Noise Cancellation, Wireless, Built-in Microphones, Comfortable Over-ear, Hi-Fi stereo, Deep Bass, Lightweight, 20 Hours Playtime, Travel on the plane', 'Cowin E-7 Active Noise Cancelling Bluetooth HeadphoneMicro USB Cable3.5mm Audio CableUser Guide', 'September 20, 2018']"
