name,brand,model,sku,price,rating,rating_amount,_connection_,_type_,_battery_,_microphone_,_noise_,_water_,_UPC_
Sony - 1000X Premium Wireless Noise Cancelling Behind-the-Neck Headphones - Black,Sony,WI1000X/B,6029012,299.99,4.2,274,1,in,10,1,cancel,resist,
JAM - Live Loud True Wireless Earbud Headphones - Black,JAM,HX-EP410,6359334,39.99,3.7,3,1,in,12,1,isolate,resist,
Sony - EX14AP Wired Earbud Headphones - Black,Sony,MDREX14AP/B,5739305,7.49,4.3,4792,0,in,,1,isolate,resist,
Beats by Dr. Dre - Solo Pro More Matte Collection Wireless Noise Cancelling On-Ear Headphones - Dark Blue,Beats by Dr. Dre,MRJA2LL/A,6383120,179.99,4.6,664,1,on,22,1,cancel,,
Sony - MDRXB50 Wired Earbud Headphones - Black,Sony,MDRXB50AP/B,4909005,29.99,4.5,6089,0,in,,1,isolate,resist,
Innovative Technology - ITHW-858B Wireless Over-the-Ear Headphones - Black,Innovative Technology,ITHW-858B,5885200,24.99,3.3,28,1,,,0,isolate,,
Audio-Technica - ATH-M20x Monitor Headphones - Black,Audio-Technica,AUD ATHM20X,4725008,49.99,4.3,15,0,on,,1,isolate,resist,
V-MODA - Crossfade LP2 Wired Over-the-Ear Headphones - Matte Black,V-MODA,XFL2V-U-MBLACK,2961241,149.98,4.5,23,0,,,1,isolate,resist,
Audio-Technica - ATH Premium Wired Stereo Gaming Headset - Black,Audio-Technica,AUD ATHPG1,5667711,129,5,1,0,,,1,isolate,resist,
Jabra Elite 85t True wireless earbuds with Jabra Advanced ANC™ - Titanium Black,Jabra,100-99190000-02,6432287,229.99,4,52,1,in,5.5,1,cancel,resist,
JBL - LIVE 400BT Wireless On-Ear Headphones - Black,JBL,JBLLIVE400BTBLKAM,6339236,49.99,4.5,419,1,on,24,1,isolate,,
MEE audio - X6 Wireless In-Ear Headphones - Black,MEE audio,EP-X6G2-BK,6353877,39.99,,,1,in,9,1,isolate,resist,
JBL - Kids On-Ear Wireless Headphones - Pink,JBL,JBLJR300BTPIKAM,6428214,39.99,,,1,on,12,0,isolate,,
Skullcandy - Icon Wireless On-Ear Headphones - Stone,Skullcandy,S5IBW-L650,6411925,42.99,,,1,on,10,1,cancel,,
Bang & Olufsen - Beoplay H3 Wired In-Ear Headphones - Black,Bang & Olufsen,50373BCW,6175500,149.99,1,1,0,in,,1,isolate,,
TCL - MTRO series MTRO200RD Wired On-Ear Headphones - Burgundy Crush,TCL,MTRO200RDNA,6392370,17.99,5,2,0,on,,1,isolate,,
JBL - Kids On-Ear Wired Headphones - Blue,JBL,JBLJR300BLUAM,6428213,19.99,,,0,on,,0,isolate,,
1MORE - EHD9001TA True Wireless Noise Cancelling In-Ear Headphones - Black,1MORE,ANC-TW1,6408366,199.99,4,1,1,in,6,1,cancel,,
Jabra - Elite Active 75t True Wireless In-Ear Headphones - mint,Jabra,100-99091002-02,6432019,199.99,4.2,863,1,in,,0,isolate,,6.15822E+11
Jaybird - Tarah Wireless In-Ear Headphones - Black Metallic/Flash,Jaybird,985-000704,6289922,35.99,4.2,1006,1,in,6,1,isolate,resist,
Bang & Olufsen - Beoplay E8 3rd Gen Earphones - Black,Bang & Olufsen,53520BBR,6405595,349.99,4.2,33,1,in,7,1,cancel,,
JLab Audio - Studio Wireless On-Ear Headphones - Black,JLab Audio,HBASTUDIORBLK4,6344796,29.99,4.3,696,1,on,30,1,isolate,,
Sennheiser - MOMENTUM True Wireless 2 Noise Cancelling Earbud Headphones - Black,Sennheiser,M3IETW2 BLACK,6405291,299.98,4.2,188,1,in,7,1,cancel,resist,
KIDdesigns - eKids Ryan's World Wireless Over the Ear Headphones - blue,KIDdesigns,RW-B50.EXv0,6424165,29.99,4,5,1,,,0,isolate,,92298949628
JBL - TUNE 600BTNC Wireless Noise Cancelling On-Ear Headphones - White,JBL,JBLT600BTNCWHTAM,6391294,63.99,4.7,24,1,on,22,1,cancel,,
JBL - Tune 225TWS - Black,JBL,JBLT225TWSBLKAM,6423274,49.99,2.7,7,1,in,25,1,isolate,,
Sony - WH-CH510 Wireless On-Ear Headphones - Black,Sony,WHCH510/B,6359775,59.99,4.5,868,1,on,35,1,isolate,,
Philips - ActionFit Wireless Sports In-Ear Headphone- Black - Black,Philips,TAST702BK/27,6422040,99,,,1,in,18,1,isolate,resist,
Samsung - Galaxy Buds+ True Wireless Earbud Headphones - Black,Samsung,SM-R175NZKAXAR,6400885,119.99,4.6,4292,1,in,7.5,1,isolate,resist,
Sennheiser - HD 100 Wired On-Ear Headphones - Black,Sennheiser,HD 100,6332548,39.99,4.6,5,0,on,,0,isolate,,
Bose - Sport Earbuds – True Wireless Bluetooth In-Ear Headphones - Triple Black,Bose,805746-0010,6419302,179,4.3,177,1,in,10,1,isolate,resist,
BuddyPhones - School+ Wired On-Ear Headphones - Blue,BuddyPhones,24752VRP,6432428,29.99,5,1,0,on,,1,isolate,,
JBL - Reflect Contour 2 Wireless In-Ear Headphones - Black,JBL,JBLREFCONTOUR2BLK,6197133,99.99,4,697,1,in,10,1,isolate,,
adidas - RPT-01 Wireless On-Ear Headphones - Dark Gray,adidas,1002737,6383872,169.99,4.3,26,1,on,40,1,isolate,resist,
JLab Audio - Studio Pro Wireless Headphones - Black,JLab Audio,HBASTUDIOPRORBLK4,6426500,39.99,4.3,28,1,,,1,isolate,,
eKids - Disney Junior Mickey Wired On-Ear Headphones - Black/Red,eKids,MK-140.EXV9,6373920,19.99,4.4,2206,0,on,,1,isolate,,92298945507
LG - TONE Style HBS-SL6S Wireless In-Ear Headphones - Black,LG,HBS-SL6S,6396306,129.99,4,36,1,in,8,1,isolate,,
Audio-Technica - ATH SR6BT Wireless Over-the-Ear Headphones - Black,Audio-Technica,ATH-SR6BTBK,5855301,149.99,4.3,92,1,,30,1,isolate,,
JBL - TUNE 500 Wired On-Ear Headphones - White,JBL,JBLT500WHTAM,6391289,29.99,4.3,4,0,on,,1,isolate,,
TCL - ELIT300WT Wired In-Ear Headphones - Cement Gray,TCL,ELIT300WTNA,6389023,27.99,,,0,in,,1,isolate,,
Yamaha - TW-E7A True Wireless Noise-Cancelling Earbuds - White,Yamaha,TW-E7AWH,6434830,229.95,,,1,in,20,0,cancel,resist,
Skullcandy - Ink'D+ Wireless In-Ear Headphones - Black,Skullcandy,S2MHW-M448,6373234,59.99,4.2,538,1,in,8,1,isolate,,
TCL - MTRO series MTRO200BTBL Wireless On-Ear Headphones - Slate Blue,TCL,MTRO200BTBLNA,6392355,32.99,1,1,1,on,20,1,isolate,,
Yamaha - EP-E70A Wireless Noise-Cancelling Earphones - White,Yamaha,EP-E70AWH,6434836,269.95,,,1,in,18,0,cancel,,
1MORE - Piston Fit Wireless In-Ear Headphones - Black,1MORE,PBT-BLK,6408174,39.99,,,1,in,8,1,cancel,resist,
JBL - FREE True Wireless In-Ear Headphones Gen 2 - Black,JBL,JBLFREEXBLKBT,6261394,79.99,4,1171,1,in,20,1,isolate,,
JBL - Reflect Flow In-Ear Wireless Sport Headphones - Blue,JBL,JBLREFFLOWBLUAM,6391325,105.99,3.3,9,1,in,20,1,isolate,,
Bose - QuietComfort 35 II Gaming Headset – Comfortable Noise Cancelling Headphones - Black,Bose,852061-0010,6430859,329.99,4.4,39,1,,20,1,cancel,,
TaoTronics - TT-BH12BB Wireless Earbud Headphones - Black,TaoTronics,TT-BH12BB,5995000,39.99,4.1,213,1,in,8,1,isolate,,
"AfterShokz Titanium Wireless Bone Conduction Open-Ear Headphones, Black - Black",AfterShokz,AS600BK,6420327,79.99,4.4,43,1,,6,1,isolate,,
JLab Audio - Rewind Retro Wireless On-Ear Headphones - Black,JLab Audio,HBREWINDRBLK4,6211308,19.99,4.3,577,1,on,12,1,isolate,,
JVC - On-Ear Wireless Headphones with Noise Canceling - Black,JVC,HAS65BNB,6412845,77.99,,,1,on,,0,cancel,,46838079399
LG - TONE Free HBS-FN4 - True Wireless Earbud Headphones - Black,LG,HBS-FN4,6421173,99.99,4.6,25,1,in,,1,isolate,,
V-MODA - M-200 Wired Over-the-Ear Headphones - Black,V-MODA,M-200,6389779,349.99,4,2,0,,,1,isolate,,
JVC - Fitness In-Ear Wireless Headphones with Touch Controls - Blue,JVC,HAAE1WB,6412856,79.99,,,1,in,,0,isolate,,46838081644
Plantronics - BackBeat FIT 3100 True Wireless Earbud Headphones - Black,Plantronics,211855-99,6289113,82.99,4.2,74,1,in,10,1,isolate,resist,
Marshall - Major III Bluetooth Wireless On-Ear Headphones - Black,Marshall,4092186,6381769,111.99,4.8,30,1,on,30,1,isolate,,
Samsung - EO-IC100 Wired In-Ear Headphones - Black,Samsung,EO-IC100BBEGUS,6399047,29.99,3.3,8,0,in,,1,cancel,,
eKids - Frozen II Headphones - White/Purple/Blue,eKids,92298917450,8557343,19.99,4.4,3788,0,,,0,isolate,resist,
AfterShokz - Aeropex Wireless Bone Conduction Black Open-Ear Headphones - Cosmic Black,AfterShokz,AS800CB,6359823,159.99,4.5,616,1,,8,1,isolate,resist,
1MORE - Vi React Wireless In-Ear Headphones - Black,1MORE,IBF-VIA,6348469,41.99,1,1,1,in,,1,isolate,resist,
KIDdesigns - eKids Barbie Wired Over the Ear Headphones - Pink,KIDdesigns,BE-140.EXv0,6423360,19.99,4.8,4,0,,,0,isolate,,92298946580
Bowers & Wilkins - PI3 Wireless In-Ear Headphones - Space Gray,Bowers & Wilkins,PI3 SPACE GREY,6373954,199.98,3.3,3,1,in,8,0,isolate,,
eKids - Trolls World Tour Wired Over-the-Ear Headphones - Pink,eKids,TR-140.EX0MI,6395925,19.99,4.4,3788,0,,,0,isolate,,
JLab Audio - Epic Air ANC True Wireless Earbuds - Black,JLab Audio,EBEAIRNCRBLK82,6426503,99.99,4.3,30,1,in,36,1,isolate,,
Audio-Technica - ATH MSR7b Wired Over-the-Ear Headphones - Gunmetal,Audio-Technica,AUD ATHMSR7BGM,6353042,249.99,5,1,0,,,0,isolate,,4.96131E+12
Sennheiser - HD 560S Wired Open Aire Over-the-Ear Audiophile Headphones - Black,Sennheiser,HD 560S,6433188,199.98,5,3,0,,,0,cancel,,
nura - Nuraphone Wireless Noise Cancelling Over-the-Ear Headphones - Black,nura,I20B,6413764,399.99,3.7,3,1,,20,1,cancel,,
JVC - HA Wired In-Ear Headphones - Purple,JVC,HAFX7MV,5480406,14.99,4.3,2126,0,in,,1,isolate,resist,
KIDdesigns - LOL Surprise! Bluetooth Headphones - PINK,KIDdesigns,LL-B52.EXvOM,6418510,29.99,3.3,4,1,,,0,isolate,,92298950822
JBL - TUNE 220TWS True Wireless In-Ear Headphones - Black,JBL,JBLT220TWSBLKAM,6408761,99.99,3.3,11,1,in,,1,cancel,,
JLab Audio - Neon Wireless On-Ear Headphones - White,JLab Audio,HBNEONRWHT4,6211310,10.99,4.4,643,1,on,13,1,isolate,,
Sennheiser - RS 135 Wireless Over-the-Ear Headphones - Black,Sennheiser,RS 135,6392598,129.99,3.8,11,1,,20,0,isolate,,
Native Union - Leather Airpods Pro Case-Tan - BROWN,Native Union,APPRO-LTHR-BRN-AP,6422493,39.99,4.7,6,0,,,0,,,8.46654E+11
"BuddyPhones Wave Moneky Green, Waterproof and safe - GREEN",BuddyPhones,24765VRP,6432409,69.99,,,1,,,0,isolate,proof,7.86472E+11
Audio-Technica - ATH SR30BT Wireless Over-the-Ear Headphones - Charcoal Gray,Audio-Technica,AUD ATHSR30BTBK,6352698,99.99,4.6,18,1,,70,1,isolate,,
Sennheiser - RS 175 Wireless Over-the-Ear Headphones - Black,Sennheiser,RS 175,6391342,279.99,4.6,638,1,,18,0,isolate,,
Master & Dynamic - MW50+ 2-In-1 Wireless On + Over-Ear Headphones - Black/Silver,Master & Dynamic,MW50S1I,6243103,224.99,4,11,1,over,16,1,isolate,,
"Audio-Technica - Audio Technica ATH-CK3TWWH In Ear Headphones, White - White",Audio-Technica,AUD ATHCK3TWWH,6424142,99.99,,,1,in,6,1,isolate,resist,
Skullcandy - Ink'd 2 Wired Earbud Headphones - Black,Skullcandy,S2IKDY-003,6461052,16.99,4.4,14314,0,in,,1,isolate,resist,
Decibullz - Custom Moldable Wired In-Ear Headphones - Black,Decibullz,WRD2-BLK,5713548,79.99,2,1,0,in,,1,isolate,,
Skullcandy - Crusher Evo Over-the-Ear Wireles Headphones - Chill Grey,Skullcandy,S6EVW-N744,6427096,199.99,,,1,,,0,isolate,,8.10016E+11
JAM - Live True Wireless In-Ear Headphones - Cream Soda,JAM,HX-EP900CS,6277519,119.99,3.8,942,1,in,48,1,isolate,,
Soundcore - Spirit X2 True Wireless In-Ear Headphones - Black,Soundcore,A3918Z12,6408028,79.99,4.2,43,1,in,9,1,isolate,,
"Bang & Olufsen - Beoplay E8 Sport, Oxygen Blue - Oxygen Blue",Bang & Olufsen,54087BCW,6428101,349.98,,,1,in,,0,isolate,,
Sennheiser - IE 80 S Wired Earbud Headphones - Black,Sennheiser,IE 80 S,6135452,338.99,5,1,0,in,,0,isolate,,
Audio-Technica - ATH-M50x Monitor Headphones - Black,Audio-Technica,AUD ATHM50X,4725021,149.99,4.7,66,0,,,1,isolate,resist,
JLab Audio - Epic Air Sport True Wireless Earbud Headphones - Black,JLab Audio,EBEPICAIRSPRTRBLK82,6355125,149.99,4.1,209,1,on,10,1,isolate,resist,
Skullcandy - Method Active Wireless Sport Earbuds - Black,Skullcandy,S2NCW-M448,6392786,47.99,3.8,37,1,in,9,1,isolate,resist,
TCL - MTRO series MTRO200BTWT Wireless On-Ear Headphones - Ash White,TCL,MTRO200BTWTNA,6392366,39.99,1,1,1,on,20,1,isolate,,
JLab Audio - Epic Sport Wireless In-Ear Headphones - Gray,JLab Audio,EBEPICSPORTRGRY42,6211302,35.99,3.9,444,1,in,12,1,isolate,resist,
eKids - Star Wars B50 Wireless On-Ear Headphones - Yellow/White,eKids,SW-B50.FXV7M,6354756,29.99,4.6,887,1,on,18,1,isolate,,
JAM - Live Large Wireless In-Ear Headphones - Gray,JAM,HX-EP303GY,6277506,39.99,3.8,61,1,in,7,1,isolate,resist,
Insignia™ - Wireless Noise Cancelling In-Ear Headphones - Black,Insignia™,NS-CAHBTEBNC-B,6261720,39.99,4.1,949,1,in,10,1,cancel,,
Jabra - Elite 85h Wireless Noise Cancelling Over-the-Ear Headphones - Black,Jabra,ELITE 85H,6335100,249.99,3.9,160,1,,41,1,cancel,resist,
"Audio-Technica - Audio Technica ATH-CKR35BTSV Bluetooth In-Ear Headphones, Silver - Silver",Audio-Technica,AUD ATHCKR35BTSV,6424137,59.99,,,1,in,7,1,isolate,,
TASCAM - TH-07 Wired Over-the-Ear Headphones - Black,TASCAM,TH-07,6408734,86.99,,,0,,,0,cancel,,
Pioneer DJ - HDJ-CUE1BT Bluetooth DJ Headphones - White - White,Pioneer DJ,HDJ-CUE1BT-W/XEGWL,6431068,99.99,,,1,,,0,isolate,,8.413E+11
LG TONE FREE HBS-FN5W - White,LG,LGHBS-FN5W.ACUSWHI,6425232,109.99,4.6,21,1,in,,0,isolate,,8.15425E+11
TCL - ELIT400NC Wireless Noise Cancelling Over-the-Ear Headphones - Midnight Blue,TCL,ELIT400NCBLNA,6367433,73.99,3.9,181,1,,22,1,cancel,,
Sennheiser - CX 150BT Wireless In-Ear Headphones - Black,Sennheiser,CX 150BT BLACK,6401439,49.99,4.5,2,1,in,10,1,cancel,,
eKids - Ultimate Spider-Man Wired On-Ear Headphones - White/Red/Blue/Black,eKids,SM-140.EXv6 / SM-140.FXV7M,9575126,19.99,4.4,2206,0,on,,0,isolate,,92298917320
Sony - SP600N Sports Wireless Noise Cancelling In-Ear Headphones - Blue,Sony,WISP600N/L,6296197,67.99,3.8,596,1,in,6,1,cancel,,
Audio-Technica - Audio Technica ATH-CK3TWBK In Ear Headphones - Black,Audio-Technica,AUD ATHCK3TWBK,6424146,99.99,,,1,in,,0,isolate,,4.96131E+12
eKids - Hello Kitty Wired Stereo Headphones - White/Pink/Blue,eKids,HY-140.EXV6,5364000,19.99,4.4,3788,0,on,,0,isolate,,
MPOW - X3.0 Wireless Over-the-Ear Headphones - White,MPOW,BMBH142BW,6323173,49.99,4.9,7,1,,20,1,isolate,,
TCL - MTRO series MTRO100BTRD Wireless In-Ear Headphones - Burgundy Crush,TCL,MTRO100BTRDNA,6392341,49.99,,,1,in,18,1,isolate,,
JBL - Under Armour Sport Train Wireless On-Ear Headphones - Black,JBL,UAONEARBTBLK,6264681,129.99,4.5,409,1,on,16,1,isolate,,
Anker - Soundcore Liberty 2 True Wireless In-Ear Headphones - Black,Anker,A3913Z11,6378163,99.99,4.4,85,1,in,8,1,isolate,resist,
Audio-Technica - ATH SR50 Wired Over-the-Ear Headphones - Black,Audio-Technica,AUD ATHSR50,6352713,159.99,,,0,,,0,isolate,,
TCL - SOCL series SOCL100BK Wired In-Ear Headphones - Phantom Black,TCL,SOCL100BKNA,6392373,9.99,,,0,in,,1,isolate,,
Master & Dynamic - MW07 PLUS True Wireless In-Ear Headphones - Quartz Black,Master & Dynamic,MW07BQ+,6377738,299.98,4.2,102,1,in,10,1,cancel,resist,
Sennheiser - CX 300S Wired Headphones - Black,Sennheiser,CX 300S BLACK,6332551,49.99,5,3,0,in,,1,isolate,,
1MORE - Stylish True Wireless In-Ear Headphones - Gold,1MORE,STW-GLD,6363272,79.99,4.3,42,1,in,6.5,1,isolate,,
Plantronics - BackBeat PRO 5100 True Wireless In-Ear Headphones - Black,Plantronics,BB5100,6386816,136.99,3.4,27,1,in,6.5,1,cancel,resist,
Native Union - Curve Case for Airpods Pro - Black,Native Union,APPRO-CRVE-BLK,6422483,19.99,2.8,5,0,,,0,,,8.46654E+11
TCL - ELIT200NCWT Wireless Noise Cancelling In-Ear Headphones - Cement Gray,TCL,ELIT200NCWTNA,6389029,60.99,,,1,in,10,1,cancel,,
TCL - SOCL series SOCL300BK Wired In-Ear Headphones - Phantom Black,TCL,SOCL300BKNA,6392369,14.99,,,0,in,,1,isolate,,
Jabra - Elite Active 65t True Wireless Earbud Headphones - Titanium Black,Jabra,100-99010002-14,6252312,119.99,4.3,2889,1,in,15,1,isolate,resist,
Bose - QuietComfort 20 Noise Cancelling Earbuds (iOS) - Black,Bose,718839-0010,4242500,249,4.7,1204,0,in,,1,cancel,resist,
PreSonus - Eris HD10BT Wireless Noise Cancelling Over-the-Ear Headphones - Black,PreSonus,HD10BT,6384422,104.99,5,1,1,,18,1,cancel,,
JLab Audio - JBuds Air Play Gaming TW Earbuds - Black,JLab Audio,GEBJBAIRPLAYRBLK82,6419537,69.99,4.2,33,1,in,6.5,1,isolate,resist,
Audio-Technica - Solid Bass ATH-CKS5TW True Wireless In-Ear Headphones - Khaki,Audio-Technica,ATH-CKS5TWKH,6387475,156.99,3.8,4,1,in,15,1,isolate,resist,
Jaybird - RUN XT Sport True Wireless In-Ear Headphones - Black/Flash,Jaybird,985-000889,6320596,63.99,3.9,673,1,in,8,1,isolate,resist,
Google - Pixel Buds True Wireless In-Ear Headphones - Clearly White,Google,GA01470-US,6411707,179.99,3.8,543,1,in,24,1,isolate,,
JBL - Club 700BT Wireless Over-the-Ear Headphones - Black,JBL,JBLCLUB700BTBLKAM,6408632,99.99,4.3,3,1,,50,1,cancel,,
Audio-Technica - QuietPoint ATH-ANC700BT Wireless Noise Cancelling Over-the-Ear Headphones - Black,Audio-Technica,ATH-ANC700BTBK,6256232,199.99,4.3,46,1,,25,0,cancel,,
Audio-Technica - ATH-M30x On-Ear Headphones - Black,Audio-Technica,AUD ATHM30X,4725011,69.99,4.6,18,0,on,,1,isolate,resist,
Audio-Technica ATH-G1WL Premium Gaming Wireless Headset - Black,Audio-Technica,AUD ATHG1WL,6424151,249.99,3,1,1,,,1,isolate,,
JVC - HA ENR15 Gumy Sport Wired In-Ear Headphones - Red/Black,JVC,JVC HAENR15B,6346736,14.99,3.9,137,0,in,,1,isolate,,
Sennheiser - HD 4.50 Wireless Noise Cancelling Over-the-Ear Headphones - Black,Sennheiser,HD 4.50 BTNC,5826900,179.99,4.3,534,1,,25,1,cancel,,
Bowers & Wilkins - PX5 Wireless Noise Cancelling On-Ear Headphones - Space Gray,Bowers & Wilkins,PX5 Space Grey,6373948,299.98,4.4,40,1,on,25,1,cancel,,
Sony - WH-XB900N Wireless Noise Cancelling Over-the-Ear Headphones - Black,Sony,WHXB900N/B,6347796,249.99,4.6,932,1,,7,1,cancel,,
V-MODA - Zn Wired In-Ear Headphones - Black,V-MODA,ZN3B-NERO,4759400,179.98,5,2,0,in,,1,isolate,resist,
Soundcore - Life Note True Wireless In-Ear Headphones - Black,Soundcore,A3908Z11,6413859,49.99,4.4,103,1,in,,1,cancel,resist,
Power Acoustik - Wireless IR Headphones - Black,Power Acoustik,WLHP-200,8929565,22.99,3,10,1,on,,1,isolate,resist,
Audio-Technica - ATH-AP2000TI Wired Over-the-Ear Headphones - Black,Audio-Technica,AUD ATHAP2000TI,6363305,1249.99,,,0,,,0,isolate,,
Philips - SHB2515 True Wireless In-Ear Headphones - Black,Philips,SHB2515BK/00,6422030,49,,,1,in,70,1,isolate,,
Skullcandy - Jib True Wireless In-Ear Headphones - True Black - Black,Skullcandy,S2JTW-N740,6436856,29.99,4.7,3,1,in,,0,isolate,,8.10016E+11
Bang & Olufsen - Beoplay H4 2nd Gen Headphones - Limestone,Bang & Olufsen,54344BCW,6436207,299.98,,,1,,19,1,isolate,,
Denon - Earbud  Headphones - White,Denon,AH-C351W,8970312,49.99,,,0,in,,0,isolate,,
JBL - LIVE 300TWS True Wireless In-Ear Headphones - Black,JBL,JBLLIVE300TWSBLKAM,6408760,74.99,4.3,20,1,in,6,1,cancel,resist,
Beats by Dr. Dre - urBeats³ Earphones with Lightning Connector - Black,Beats by Dr. Dre,MU992LL/A,6296108,59.99,4.4,451,0,in,,1,isolate,,
Anker - Soundcore Liberty Air X True Wireless In-Ear Headphones - Black,Anker,A3902Z13,6378180,79.99,3.9,136,1,in,7,1,isolate,,
"BuddyPhones - Gaming Unit, Foldable with Boom Mic - PURPLE",BuddyPhones,24779VRP,6432414,29.99,,,0,on,,1,isolate,,7.27542E+11
Sony - WH-1000XM4 Wireless Noise-Cancelling Over-the-Ear Headphones - Midnight Blue,Sony,WH1000XM4/L,6428314,278,4.7,736,1,,30,1,cancel,resist,
V-MODA - Faders Wired Earplugs - Rouge,V-MODA,EA-VFD-ROUGE,2961136,19.98,4.2,10,0,,,0,,,8.77653E+11
Boompods - Type C Digibuds Wired In-Ear Headphones - Black,Boompods,54212BCW,6432921,29.99,,,0,in,,0,isolate,,7.38517E+11
Jabra - Elite 45e Wireless In-Ear Headphones - Black/Copper,Jabra,100-98900001-02,6230052,99.99,3.8,398,1,in,8,1,isolate,,
Bose - QuietComfort 20 Headphones (Android) - Black,Bose,718840-0010,4242900,249,4.7,1661,0,in,,1,cancel,resist,
Audio-Technica - Audio Technica ATH-WS990BTBK Wireless Bluetooth Headphones - Black,Audio-Technica,AUD ATHWS990BTBK,6423552,279.99,,,1,,30,1,cancel,,
JVC - HA EC50BT Wireless In-Ear Headphones - Yellow,JVC,HA-EC50BTY,6115514,79.99,3.9,174,1,in,9,1,isolate,resist,
Jabra - Elite 25h Wireless On-Ear Headphones - Titanium Black,Jabra,100-96310000-14,6350381,50.99,4.3,53,1,on,14,1,isolate,,
JLab Audio - Epic Executive Wireless Noise Cancelling In-Ear Headphones - Gray,JLab Audio,EBEPICEXECRGRY123,6211300,99.99,3.7,353,1,in,11,1,cancel,,
MEE audio - X10 True Wireless In-Ear Headphones - Black,MEE audio,X10-BK,6353887,79.99,4.1,87,1,in,,1,isolate,resist,
Jaybird - X4 Wireless Headphones - Black Metallic/Flash,Jaybird,985-000808,6289926,129.99,4.2,760,1,in,8,1,isolate,resist,
JLab Audio - JBuds Air Sport True Wireless In-Ear Headphones - Black,JLab Audio,EBJBUDSAIRSPRTRBLK82,6344791,69.99,4,1428,1,in,6,1,isolate,resist,
eKids - Frozen II Wired On-Ear Headphones - White/Light Blue,eKids,FR-M48.EXV9M,6357795,29.99,4.4,2206,0,on,,1,isolate,,
Audio-Technica - ATH M60x Wired Over-the-Ear Headphones - Black,Audio-Technica,AUD ATHM60X,6381779,199.99,5,1,0,,,0,isolate,,
Bowers & Wilkins - PI4 Wireless Noise Cancelling In-Ear Headphones - Black,Bowers & Wilkins,PI4 BLACK,6373959,299.98,3.7,3,1,in,12,1,cancel,resist,
LG - TONE Style HBS-SL5 Wireless In-Ear Headphones - Black,LG,HBS-SL5.ACUSBKI,6386354,86.99,4.1,7,1,in,8,1,isolate,,
Audio-Technica - ATH Wired Stereo Gaming Headset - Red/Gray/Black,Audio-Technica,AUD ATHPDG1,5667715,129,5,1,0,,,1,cancel,resist,
JLab Audio - Flex Sport Wireless Over-the-Ear Headphones - Black,JLab Audio,HBFLEXSPORTRBLK4,6290503,99.99,4.4,83,1,,20,1,isolate,,
Samsung - Galaxy Buds True Wireless Earbud Headphones - Black,Samsung,SM-R170NZKAXAR,6347460,99.99,4.4,6204,1,in,7,1,isolate,resist,
JBL - TUNE125TWS - True Wireless In- ear Headphones - Black,JBL,JBLT125TWSBLKAM,6422467,49.99,3.8,17,1,in,8,1,isolate,,
Audio-Technica - ATH-M70x Wired Monitor Headphones - Black,Audio-Technica,AUD ATHM70X,4725000,299.99,4.8,4,0,on,,1,isolate,resist,
JAM - Out There Wireless Noise Cancelling On-Ear Headphones - Blue,JAM,HX-HP303BL,6277504,59.99,3.8,151,1,on,17,1,cancel,resist,
Sennheiser - Momentum (M2) Wireless Over-the-Ear Headphones - Black,Sennheiser,M2 AEBT BLACK,3774098,399.98,4.6,222,1,,,1,isolate,resist,
Audio-Technica - Audio Technica HDC112A/1.2 2.5mm Balanced Headphone Cable - Black,Audio-Technica,AUD HDC112A12,6424158,129.99,,,0,,,0,isolate,,4.96131E+12
Plantronics - BackBeat FIT 350 Wireless Earbud Headphones - Black,Plantronics,212343-99,6284305,42.99,4.1,185,1,in,6,1,isolate,resist,
Jabra - Elite Active 75t True Wireless In-Ear Headphones with ANC - Titanium Black,Jabra,100-99091005-14,6395674,199.99,4.2,863,1,in,5.5,1,isolate,resist,
TCL - In-Ear Sport Headphones - ACTV Series - Crimson White,TCL,ACTV100WTNA,6389026,19.99,4.5,4,0,in,,1,isolate,resist,
TCL - MTRO series MTRO200BK Wired On-Ear Headphones - Shadow Black,TCL,MTRO200BKNA,6392350,19.99,,,0,on,,1,isolate,,
TCL - ELIT Series ELIT200WT Wired In-Ear Headphones - Cement Gray,TCL,ELIT200WTNA,6389022,20.99,4,1,0,in,,1,isolate,,
JLab Audio - JBuddies Folding Wired On-Ear Headphones - Black/Pink,JLab Audio,HJBUDDIESRBLKPNK6,2224099,15.99,4.2,328,0,on,,1,isolate,resist,
BuddyPhones - Inflight Wired On-Ear Headphones - Blue,BuddyPhones,24757VRP,6432430,29.99,5,1,0,on,,0,isolate,,7.86472E+11
Razer - Hammerhead BT Wireless In-Ear Headphones - Green/Black,Razer,RZ04-01930100-R3U1,5852930,99.99,4.2,37,1,in,8,1,isolate,,
MPOW - X1.0 Wireless In-Ear Headphones - White,MPOW,BMBH293AW,6323178,19.99,4.3,11,1,in,,1,isolate,,
KIDdesigns - Frozen II Bluetooth Headphones - blue,KIDdesigns,FR-B50.FXV9M,5975310,29.99,4.6,887,1,,,1,isolate,,
Skullcandy - Riff Wired On-Ear Headphones - Black,Skullcandy,S5PXY-L003,6292058,19.99,4.2,14,0,on,,1,isolate,,
Sennheiser - RS 2000 Wireless Earbud Headphones - Black,Sennheiser,RS 2000,6138202,179.98,3,1,1,in,9,1,isolate,,
Plantronics - BackBeat FIT 505 On-Ear Wireless Sport Headphones - Black,Plantronics,210704-99,6065115,99.99,4.3,224,1,on,18,1,isolate,,
BuddyPhones - Play Wireless On-Ear Headphones - Pink,BuddyPhones,24772VRP,6432424,39.99,,,1,on,18,1,isolate,,
Master & Dynamic - MW07 True Wireless In-Ear Headphones - Matte Black,Master & Dynamic,MW07MB,6296501,124.99,4.1,164,1,in,,1,isolate,resist,
JVC - Wired Earbud with Microphone and Remote - White,JVC,HAF17MW,6415426,9.99,4.1,25,0,in,,1,isolate,resist,
Marshall - Major IV Bluetooth  Headphone with wireless charging - Black,Marshall,1005773,6436770,149.99,4.8,24,1,on,80,1,isolate,,
Sentry - HO261 Wired On-Ear Headphones - Black,Sentry,SENTRY-HO261,6356913,7.99,4.1,19,0,on,,0,isolate,,
JVC - HA EN10BT Gumy Sport Wireless In-Ear Headphones - Red/Black,JVC,HA-EN10BTB,6115513,29.99,3.8,44,1,in,,1,isolate,resist,
JLab Audio - JBuds Air True Wireless Earbud Headphones - Black,JLab Audio,EBJBUDSAIRRBLK82,6308349,49.99,4.2,8184,1,in,6,1,isolate,resist,
Insignia™ - Wireless Noise Canceling Over-the-Ear Headphones - Black,Insignia™,NS-AHBTOENC,6284300,50.99,4.3,639,1,,20,1,cancel,,
JLab Audio - JBuds Air Icon True Wireless In-Ear Headphones - Black,JLab Audio,EBJBUDSAIRICONRBLK82,6344790,49.99,4.2,1082,1,in,6,0,isolate,resist,
JBL - Endurance DIVE Wireless In-Ear Headphones - Black,JBL,JBLENDURDIVEBLK,6253457,89.99,3.6,316,1,in,7,1,isolate,resist,
Bang & Olufsen - Beoplay H4 Wireless Over-the-Ear Headphones - Black,Bang & Olufsen,49354BBR,5919703,150.99,4.4,69,1,,19,1,isolate,,
Sennheiser - RS 5000 Wireless Headphones - Black,Sennheiser,RS 5000,6084526,249.98,4.3,3,1,in,,0,isolate,,
JBL - TUNE 205BT Wireless In-Ear Headphones - Blue,JBL,JBLT205BTBLUAM,6391304,39.99,4,20,1,in,6,1,isolate,,
TCL - ELIT100WT Wired In-Ear Headphones - Cement Gray,TCL,ELIT100WTNA,6389025,17.99,5,1,0,in,,1,isolate,,
Sennheiser - HD 350BT Wireless Over-the-Ear Headphones - Black,Sennheiser,HD 350BT BLACK,6403620,99.99,4.4,9,1,,30,1,cancel,,
JLab Audio - JBuds Pro Signature Wireless Earbud Headphones - Black,JLab Audio,JBUDSPROBT-BLK-BOX,5793103,19.99,4.2,3874,1,in,6,1,isolate,resist,
Jabra - Elite 75t True Wireless In-Ear Headphones with ANC - Black,Jabra,100-99090001-14,6376030,179.99,4.2,1265,1,in,5.5,1,cancel,resist,
eKids - Jurassic World Wired Over-the-Ear Headphones - Black,eKids,JW-140.EXV8M,6196711,19.99,4.4,3788,0,,,1,isolate,,
Sennheiser CX 400BT True Wireless Earbud Headphones - Black,Sennheiser,CX400TW1 Black,6423644,149.98,4.5,28,1,in,7,1,isolate,,
"Audio-Technica - Audio Technica ATH-CKR35BTBL Bluetooth In-Ear Headphones,  Blue - Blue",Audio-Technica,AUD ATHCKR35BTBL,6424157,59.99,,,1,in,7,1,isolate,,
JLab Audio - JBuddies Studio Wired Over-the-Ear Headphones - Gray/Purple,JLab Audio,JKSTUDIO-GRYPRPL-BOX,6211307,15.99,4.3,614,0,,,1,isolate,,
Skullcandy - Push True Wireless In-Ear Headphones - Dark Gray,Skullcandy,S2BBW-M715,6373242,99.99,3.6,410,1,in,6,1,isolate,resist,
Audio-Technica - ATH-M40x Monitor Headphones - Black,Audio-Technica,AUD ATHM40X,4725013,99.99,4.5,27,0,,,1,isolate,resist,
AfterShokz - Red Aeropex Wireless Bone Conduction Open-Ear Headphones - Solar Red,AfterShokz,AS800SR,6398931,159.99,4.5,616,1,,8,1,cancel,resist,
eKids - Toy Story 4 Wired On-Ear Headphones - Multicolor,eKids,TS-140.EX9MI,6323781,19.99,4.4,2206,0,on,,0,isolate,,
"Audio-Technica - Audio Technica ATH-CKR35BTBK Wireless In-Ear Headphones, Black - Black",Audio-Technica,AUD ATHCKR35BTBK,6424140,59.99,,,1,in,7,1,isolate,,
Even - H4 Glasses For Your Ears Wireless Over-the-Ear Headphones - Black,Even,H4-BTHP,6370186,49.99,4.3,53,1,,20,1,isolate,,
JVC - Marshmallow In-Ear Wireless Headphones with Flexible Soft-Band - Black,JVC,HAFX35BTB,6412850,37.99,,,1,in,,0,isolate,,46838079474
BANZ - Safe 'n Sound Baby Wireless Over-the-Ear Headphones - Petal,BANZ,BTEM001,6387920,69.99,3,1,1,,8,1,isolate,,
Anker - Soundcore Liberty True Wireless In-Ear Headphones - Black,Anker,A3912Z11,6331585,59.99,4.2,342,1,in,8,1,isolate,resist,
JBL - Under Armour Sport React Wireless In-Ear Headphones - Black,JBL,UAJBLREACTBLKAM,6391334,129.99,4.7,3,1,in,9,1,isolate,,
JBL - Club Pro+ NC True Wireless Headphone - Black,JBL,JBLCLUBPROPTWSBAM,6428333,199.99,4,2,1,in,8,1,isolate,,
"JBL - Quantum 300 Wired Stereo Gaming Headset for PC, PS4, Xbox One, Nintendo Switch and Mobile Devices - Black",JBL,JBLQUANTUM300BLKAM,6408548,79.99,4.3,4,0,,,1,isolate,,
Audio-Technica - Audio Technica ATH-AWKT Closed-Back Wood Headphone - Black,Audio-Technica,AUD ATHAWKT,6424133,1899.99,,,0,in,,1,isolate,,
"Audio-Technica - Audio Technica ATH-SPORT70BT Wireless Earbuds, Rose-Gold - Rose Gold",Audio-Technica,AUD ATHSPORT70BTRGD,6424152,129.99,,,1,in,6,1,isolate,proof,
JAM - Live Free True Wireless In-Ear Headphones - Black,JAM,HP-EP909,6359338,79.99,3.9,53,1,in,6,1,isolate,resist,
eKids - Disney The Lion King Wired Over-the-Ear Headphones - Yellow/Orange,eKids,LK-140.EXV9I,6323785,19.99,4.4,3788,0,,,0,isolate,,
eKids Zelda Co Branded Headphones - black,eKids,TI-M40LK,5252400,12.49,4.4,3788,0,,,1,isolate,,
Beats by Dr. Dre - Powerbeats³ Wireless - Black,Beats by Dr. Dre,ML8V2LL/A,5577821,89.99,4.5,27674,1,in,12,1,isolate,resist,
Sennheiser - HD 450BT Wireless Noise Cancelling Over-the-Ear Headphones - White,Sennheiser,HD 450BT WHITE,6405730,149.98,4,64,1,,30,1,cancel,,
Ausounds - AU-Stream ANC True Wireless Noise Cancelling Earphone - Black,Ausounds,AUSANC102,6436503,149.99,4,5,1,in,20,1,cancel,resist,
ReTrak - ReTrack Remixd True Wireless In-Ear Headphones - Black,ReTrak,ETPRAUDTW,5973337,79.99,4.2,5,1,in,,1,isolate,resist,
eKids - Minnie Mouse Bow-tique Wired Over-the-Ear Headphones - Pink/White,eKids,MM-140.3XV7,7008058,19.99,4.4,3788,0,,,1,isolate,resist,
Plantronics - Backbeat FIT 6100 Over-the-Ear Wireless Sport Headphones - Black,Plantronics,213571-99,6361734,179.99,4,109,1,,24,1,isolate,resist,
Skullcandy - Sesh Evo True Wireless In-Ear Headphones - True  Black,Skullcandy,S2TVW-N896,6412863,24.99,4.1,385,1,in,,1,cancel,resist,
MXL - Microphone,MXL,AC-404-WHITE,6412615,79.95,,,1,,,1,,,8.01813E+11
TCL - SOCL series SOCL300BTOR Wireless In-Ear Headphones - Sunset Orange,TCL,SOCL300BTORNA,6392374,59.99,,,1,in,17,1,isolate,,
Native Union - Leather Airpods Pro Case - Black,Native Union,APPRO-LTHR-BLK-AP,6422492,39.99,4.7,6,0,,,0,,,8.46654E+11
Jabra - Elite 25e Wireless In-Ear Headphones - Silver,Jabra,100-98400001-14,6081002,79.99,3.7,445,1,in,18,1,isolate,resist,
Apple - EarPods™ with 3.5mm Plug - White,Apple,MNHF2AM/A,6848136,19.99,4.6,15537,0,in,,1,isolate,resist,
Bose - SoundSport Wireless Sports Earbuds - Black,Bose,761529-0010,5168600,89,4.5,15831,1,in,6,1,cancel,resist,
JVC - Fitness In-Ear True Wireless Headphones with Dual Use Design - Black,JVC,HAET45TB,6412860,79.99,3.5,31,1,in,,0,isolate,,46838081965
Insignia™ - Wired Earbud Headphones - Off-white,Insignia™,NS-CAHEP2,5989700,12.99,4.3,1062,0,in,,1,isolate,,
Plantronics - Backbeat FIT 3150 True Wireless Sport Headphones - Black,Plantronics,215104-99,6361731,149.99,4.2,325,1,in,8,1,isolate,resist,
Master & Dynamic - MH40 Wireless Over-the-Ear Headphones - Gunmetal/Black,Master & Dynamic,MH40G1-W,6405598,249.98,5,2,1,,18,1,cancel,,
"Audio-Technica - Audio Technica ATH-CLR100ISBL SonicFuel Earbuds, Black - Blue",Audio-Technica,AUD ATHCLR100ISBL,6424144,14.99,,,0,in,,1,isolate,,
Bang & Olufsen Beoplay H9 3rd Generation Wireless Noise Cancelling Over-the-Ear Headphones - Grey Mist,Bang & Olufsen,53625BBR,6409238,499.98,4.4,42,1,over,,0,cancel,,5.70526E+12
JAM - Tune In In-Ear Wireless Sport Headphones - Black,JAM,HX-EPC202BK,6359337,39.99,3.4,27,1,in,12,1,isolate,resist,
Skullcandy - Indy Evo True Wireless In-Ear Headphones - True Black,Skullcandy,S2IVW-N740,6412868,79.99,4,181,1,in,6,1,cancel,resist,
Skullcandy - Indy ANC True Wireless In-Ear Headphones - True Black - True Black,Skullcandy,S2IYW-N740,6427091,129.99,,,1,in,,0,isolate,,8.10016E+11
JBL - TUNE 120TWS True Wireless In-Ear Headphones - Black,JBL,JBLT120TWSBLKAM,6356676,99.99,4,640,1,in,,1,isolate,,
Sony - MDR-Z7M2 Over-the-Ear Headphones - Black,Sony,MDRZ7M2,6305335,599.98,4.5,20,0,,,1,isolate,,
TCL - SOCL series SOCL300BL Wired In-Ear Headphones - Ocean Blue,TCL,SOCL300BLNA,6392372,14.99,,,0,in,,1,isolate,,
Sennheiser - MOMENTUM True Wireless Earbud Headphones - Silver/Black,Sennheiser,MOMENTUM TRUE WIRELESS,6311203,299.98,4.1,482,1,in,,1,isolate,resist,
Sony - WF-SP800N True Wireless Noise-Cancelling In-Ear Headphones - Black,Sony,WFSP800N/B,6408358,148,4.3,244,1,in,9,1,cancel,,
Skullcandy - Cassette Wireless On-Ear Headphones - Cobalt Blue,Skullcandy,S5CSW-M712,6411958,29.99,4.5,2,1,on,22,1,cancel,,
"JBL - Quantum 200 Wired Stereo Gaming Headset for PC, PS4, Xbox One, Nintendo Switch and Mobile Devices - Black",JBL,JBLQUANTUM200BLKAM,6408562,59.99,3.9,7,0,,,1,isolate,,
JBL - TUNE 110BT Wireless In-Ear Headphones - Black,JBL,JBLT110BTBLKAM,6391287,39.99,4,6,1,in,6,1,isolate,,
Skullcandy - Indy True Wireless In-Ear Headphones - Indigo Blue,Skullcandy,S2SSW-M704,6378522,84.99,3.6,1478,1,in,,1,isolate,resist,
JVC - HA EC20BT Wireless In-Ear Headphones (iOS) - Blue,JVC,HA-EC20BTA,6001123,32.99,3.8,973,1,in,,1,isolate,resist,
"BuddyPhones InFlight, 3 step volume setting - Pink",BuddyPhones,24754VRP,6432423,29.99,5,1,0,on,,0,isolate,,7.86472E+11
JAM - Live Loose Wireless In-Ear Headphones - Blue,JAM,HX-EP202BL,6277522,21.99,4.4,5,1,in,6,1,isolate,resist,
Sennheiser - HD 458BT Wireless Noise Cancelling Headphones (HD 458BT Exclusive) - Black/Red,Sennheiser,HD 458BT,6422051,99.98,4,64,1,,,1,cancel,,
"Audio-Technica - Audio Technica ATH-CLR100ISPK SonicFuel Earbuds, Pink - Pink",Audio-Technica,AUD ATHCLR100ISPK,6424147,14.99,,,0,in,,1,isolate,,
1MORE - Dual Driver ANC Pro Wireless Noise Cancelling In-Ear Headphones - Black,1MORE,2BT-PRO,6413833,149.99,3.9,8,1,in,20,1,cancel,resist,
Beats by Dr. Dre - Beats Studio³ Wireless Noise Cancelling Headphones - Gray,Beats by Dr. Dre,MTQY2LL/A,6316142,349.99,4.7,8759,1,,22,1,cancel,,
JLab Audio - Play Wireless Stereo Gaming Earphones - Black/Blue,JLab Audio,GEBPLAYRBLKBLU84,6396200,49.99,4.2,27,1,in,11,1,cancel,,
KIDdesigns - eKids Super Mario Youth Wired Over the Ear  Headphones - blue,KIDdesigns,MO-140.EXv0,6424163,19.99,4.8,4,0,,,0,isolate,,92298949086
eKids - Toy Story 4 Wireless On-Ear Headphones - Blue/Yellow,eKids,TS-B50.FXV9M,6351558,29.99,4.6,887,1,on,30,1,isolate,,
V-MODA - Crossfade 2 Wireless Over-the-Ear Headphones - Rose Gold,V-MODA,XFBT2-RGOLDB,5879402,199.98,4.7,35,1,,14,1,isolate,resist,
iHome - eKids Super Mario Wireless Over-the-Ear Headphones - White/Red/Blue,iHome,MO-B50.EXV0,6390246,29.99,5,2,1,,28,1,isolate,,
Sony - WH-1000XM3 Wireless Noise Cancelling Over-the-Ear Headphones with Google Assistant - Black,Sony,WH1000XM3/B,6280544,349.99,4.7,4995,1,,30,1,cancel,,
Sony - 1AM2 Wired Over-the-Ear Hi-Res Headphones - Black,Sony,MDR1AM2,6211544,299.99,4.7,94,0,,,1,isolate,,
JBL - Endurance Peak II True Wireless Sports Headphones - Black,JBL,JBLENDURPEAKIIBKAM,6432288,99.99,,,1,in,6,1,isolate,resist,
JLab Audio - JBuddies Play Gaming Headset - Black/Grey,JLab Audio,GHBJPLAYRBLKGRY4,6419540,49.99,4.1,43,1,,22,1,isolate,,
TaoTronics - TT-BH067BB Wireless In-Ear Headphones - Black,TaoTronics,TT-BH067BB,6356520,10.99,3.9,123,1,in,20,1,isolate,resist,
Ausounds - AU Flex ANC Planar Noice Cancelling Earphone - Gray,Ausounds,AUFANC101,6434336,199.99,4.6,7,1,in,22,1,cancel,resist,
JVC - Powerful Sound On Ear Headphones - Black,JVC,HAS31MB,6415428,19.99,4.4,79,0,on,,1,isolate,resist,
V-MODA - XS Wired On-Ear Headphones - White Silver,V-MODA,XS-U-WSILVER,5526126,179.98,4.9,13,0,on,,1,isolate,resist,
JAM - Been There Wireless On-Ear Headphones - Cream Soda,JAM,HX-HP202CS,6277513,59.99,2.5,2,1,on,14,1,isolate,resist,
eKids - PAW Patrol Youth Wired Headphones - Styles May Vary,eKids,PW-140MA.EXV7,5184904,19.99,4.4,3788,0,,,0,isolate,,92298923352
JBL - Under Armour Sport Pivot Wireless In-Ear Headphones - White,JBL,UAJBLPIVOTWHTAM,6391331,129.99,,,1,in,9,1,isolate,,
Sentry - Deluxe BT300 Wireless On-Ear Headphones - Black,Sentry,HPX-BT300,6356917,24.99,4,6,1,on,,1,isolate,,
JVC - Air Cushion Wireless In-Ear Headphones - Blue,JVC,HAFX22WA,6412851,29.99,4.4,17,1,in,,0,isolate,,46838081262
TCL - MTRO series MTRO200WT Wired On-Ear Headphones - Ash White,TCL,MTRO200WTNA,6392332,19.99,5,2,0,on,,1,isolate,,
Sony - WF-1000XM3 True Wireless Noise Cancelling In-Ear Headphones - Black,Sony,WF1000XM3/B,6359820,168,4.1,1871,1,in,6,1,cancel,,
Skullcandy - Method In-Ear Wireless Sport Headphones - Gray/Black,Skullcandy,S2NQW-M448,6373243,63.99,3,1,1,in,9,1,isolate,resist,
eKids - Disney Junior Minnie Wireless Headphones - White/Pink,eKids,MM-B50.FXV8,6351561,29.99,4.6,887,1,on,18,1,isolate,,
KIDdesigns - eKids Hot Wheels Wired Over the Ear Headphones - yellow,KIDdesigns,HW-140.EXv0,6423349,19.99,4.8,4,0,,,0,isolate,,92298948027
Audio-Technica - ATH On-Ear DJ Headphones - Black,Audio-Technica,AUD ATHPRO7X,6381795,199.99,,,0,on,,0,isolate,,
Audio-Technica - Wireless On-Ear Headphones - Black,Audio-Technica,AUD ATHSR5BTBK,5578125,149.99,4.3,3,1,on,38,1,isolate,,
Microsoft - Surface Earbuds - Graphite,Microsoft,HVM-00011,6434294,199.99,3.8,42,1,in,8,1,isolate,resist,
Beats by Dr. Dre - Beats Solo³ Wireless Headphones - Gloss Black,Beats by Dr. Dre,MNEN2LL/A,5577846,120.99,4.7,13910,1,on,40,1,isolate,,
Bang & Olufsen Beoplay H9 3rd Gen Wireless Noise Canceling Over-the-Ear - Matte Black,Bang & Olufsen,52621BBR,6371576,499.98,4.4,42,1,,25,1,cancel,,
JLab Audio - Studio ANC Wireless On-Ear Headphones - Black,JLab Audio,HBASTUDIOANCRBLK4,6396199,59.99,4.4,75,1,on,34,1,cancel,,
TCL - SOCL series SOCL200BK Wired In-Ear Headphones - Phantom Black,TCL,SOCL200BKNA,6392357,10.99,3,1,0,in,,1,isolate,,
Skullcandy - Jib True Wireless In-Ear Headphones - 92 Blue - Blue,Skullcandy,S2JTW-N745,6436857,29.99,5,1,1,in,,0,isolate,,8.10016E+11
1MORE - Piston Fit Wired In-Ear Headphones - Pink Gold,1MORE,101-PGD,6220210,16.99,4.6,18,0,in,,1,isolate,,
Razer Hammerhead True Wireless Bluetooth Earbuds: Low-Latency - Water Resistant - Bluetooth 5.0 Auto Pairing - Black,Razer,53706BBR,6422829,99.99,4.4,8,1,on,,0,isolate,resist,8.11659E+11
"JBL - Quantum 400 RGB Wired DTS Headphone:X v2.0 Gaming Headset for PC, PS4, Xbox One, Nintendo Switch and Mobile Devices - Black",JBL,JBLQUANTUM400BLKAM,6408569,99.99,4.4,35,0,,,1,isolate,,
Beats by Dr. Dre - urBeats³ Earphones with 3.5mm Plug - Black,Beats by Dr. Dre,MU982LL/A,6296106,59.99,4.4,621,0,in,,1,isolate,,
JVC - HA S35BT Wireless On-Ear Headphones - Black,JVC,HAS35BTB,6346660,49.99,4.1,403,1,on,17,1,isolate,,
Sony - WI-1000XM2 Wireless Noise-Canceling In-Ear Headphones - Black,Sony,WI1000XM2/B,6395364,299.99,4,39,1,in,10,1,cancel,resist,
Skullcandy - Riff Wireless On-Ear Headphones - Deep Red,Skullcandy,S5PXW-M685,6411947,49.99,4.4,701,1,on,12,1,cancel,,
KIDdesigns - Star Wars The Mandalorian The Child Bluetooth Headphones - black,KIDdesigns,MD-B50.FXv0,6424161,29.99,5,1,1,,,0,isolate,,92298950693
Sony - WH-L600 RF Digital Surround Wireless Headphones - Black,Sony,WHL600/B,6211542,299.98,4.3,105,1,,17,0,isolate,,
JVC - HA FX39BT Marshmallow Wireless In-Ear Headphones - Black,JVC,HA-FX39BTB,5792102,49.99,3.7,1325,1,in,14,1,isolate,resist,
Skullcandy - Set In-Ear Sport Headphones - Olive/Moss,Skullcandy,S2MEY-M687,6411922,29.99,4.4,253,0,in,,1,cancel,resist,
JVC - Over-Ear/On-Ear Wireless Headphones - Black,JVC,HAXP50BT,6412844,112.99,,,1,over,,0,isolate,,46838078460
Skullcandy - Ink'D+ Wired In-Ear Headphones - Black,Skullcandy,S2IMY-M448,6346739,17.99,4.3,770,0,in,,1,isolate,,
Sony - WHRF400 RF Wireless Headphones - Black,Sony,WHRF400,6267219,119.99,4.3,1197,1,,20,0,isolate,,
JVC - Gumy Plus Wired Earbud Headphones - Red,JVC,HAFR6R,1997422,11.99,4.2,3904,0,in,,1,isolate,resist,
Audio-Technica - Audio Technica ATHANC900BT Noise Cancelling Bluetooth Headphones - Black,Audio-Technica,AUD ATHANC900BT,6423551,314.99,,,1,,35,1,cancel,,
JVC - Gumy Sport Wireless Bluetooth Headphones - Black,JVC,HAEN15WB,6415425,29.99,4,8,1,in,6.5,1,isolate,resist,
Culture Audio - V1 Wireless Noise Cancelling Over-the-Ear Headphones - Black,Culture Audio,CLTV1BLK,6383832,149.99,5,1,1,,30,1,cancel,,
Sennheiser - IE 800 S Wired Earbud Headphones - Matte Black,Sennheiser,IE 800 S,6157100,999.98,5,1,0,in,,1,isolate,,
JVC - Gumy True Wireless - White,JVC,HAA7TW,6425216,29.99,4.4,96,1,in,9,1,isolate,resist,
Samson - Zi100 Wired In-Ear Headphones - Transparent,Samson,SAZI100,6387841,97.99,3,2,0,in,,0,isolate,resist,
JLab Audio - Fit Sport Fitness Earbuds Wireless In-Ear Headphones - Black,JLab Audio,EBFITSPORTRBLK123,6290530,29.99,3.9,1208,1,in,6,1,isolate,resist,
Skullcandy - Sesh Evo In-Ear True Wireless Headphones - Blue,Skullcandy,S2TVW-N893,6439111,59.99,,,1,in,,0,isolate,,8.10016E+11
TCL - ELIT Series ELIT300BL Wired In-Ear Headphones - Midnight Blue,TCL,ELIT300BLNA,6389020,27.99,,,0,in,,1,isolate,,
V-MODA - BassFit Wireless In-Ear Headphones - White,V-MODA,VLCT-WHITE,6320292,129.98,4.4,22,1,in,11,1,isolate,,
Sennheiser - RS 195 RF Wireless Over-the-Ear Headphones - Black,Sennheiser,RS 195,6391352,449.98,4.6,36,1,,,0,isolate,,
Philips - Wireless Over-Ear Noise Canceling Headphones- Black - Black,Philips,TAPH805BK/27,6422038,89,,,1,over,30,1,cancel,,
"BuddyPhones Wave Robot Blue, Waterproof and safe - BLUE",BuddyPhones,24760VRP,6432406,69.99,,,1,,,0,isolate,proof,7.86472E+11
JLab Audio - JBuds Band Wireless In-Ear Headphones - Black,JLab Audio,EBJBUDSBANDRBLK6,6344795,29.99,4.2,210,1,in,8,1,isolate,resist,
BuddyPhones - Cosmos Active Noise Cancellation Headphone - PINK,BuddyPhones,24776VRP,6432436,99.99,,,1,,,0,cancel,,7.27542E+11
JAM - Live Fast Wireless In-Ear Headphones - Black,JAM,HX-EP404BK,6240892,37.99,3.6,339,1,in,12,1,isolate,,
TCL - ELIT Series ELIT400BTWT Wireless Over-the-Ear Headphones - Cement Gray,TCL,ELIT400BTWTNA,6389017,79.99,,,1,,60,1,isolate,,
BuddyPhones - Discover - Pink,BuddyPhones,24778VRP,6432432,14.99,,,0,on,,0,isolate,,7.27542E+11
Jabra - Elite Active 45e Wireless In-Ear Headphones - Black,Jabra,100-99040002-14,6342041,92.99,3.6,78,1,in,9,1,isolate,resist,
JBL - TUNE 110 Wired In-Ear Headphones - Black,JBL,JBLT110BLKAM,6391322,12.99,4.2,10,0,in,,1,isolate,,
JVC - HA SR185 Wired On-Ear Headphones - Black,JVC,HASR185B,6346651,19.99,4.4,256,0,on,,1,isolate,,
MEE audio - Connect T1CMA Wireless Over-the-Ear Headphones - Black,MEE audio,CMB-T1CMA-MEE,6358603,144.99,4.5,117,1,,30,1,isolate,,
MEE audio - Matrix Cinema Wireless Noise Cancelling Over-the-Ear Headphones - Black,MEE audio,HP-AF68-ANC,6353878,149.99,4.6,28,1,,33,1,cancel,,
nura - Nuraloop Wireless Noise Cancelling In-Ear Headphones - Black,nura,E00B,6413763,199.99,3.4,5,1,in,16,1,cancel,resist,
eKids - Star Wars Rise of Skywalker Headphones - Black/Blue,eKids,SW-140R.EXV9M,6357796,19.99,4.4,3788,0,on,,0,isolate,,92298944722
Ausounds - AU Stream Hybrid True Wireless Noise Cancelling Earbuds - Gold,Ausounds,AUSHB101-Gold,6434335,189.99,4.3,3,1,in,20,1,cancel,resist,
eKids - JoJo Siwa Wired On-Ear Headphones - White/Blue/Yellow/Green/Pink,eKids,JJ-M48.FXV7,6005000,29.99,4.4,2206,0,on,,1,isolate,,
Audio-Technica - ATH C200IS Wired Headphones - Black,Audio-Technica,AUD ATHC200ISBK,6381800,19.99,,,0,in,,1,isolate,,
JBL - Club 950NC Wireless Noise Cancelling Over-the-Ear Headphones - Black,JBL,JBLCLUB950NCBLKAM,6408631,169.99,3.3,6,1,,55,1,cancel,,
Samsung - Galaxy Buds Live True Wireless Earbud Headphones - Black,Samsung,SM-R180NZKAXAR,6422916,139.99,4.4,1329,1,in,6,1,cancel,proof,
eKids - Pokemon Wired On-Ear Headphones - Multi,eKids,PK-140.FXV6,5641201,19.99,4.4,2206,0,on,,0,isolate,resist,
Audio-Technica - SonicPro ATH-AVC200 Wired Over-the-Ear Headphones - Black,Audio-Technica,AUD ATHAVC200,6381793,29.99,4.1,12,0,,,0,isolate,,
Sennheiser - HDR 120 RF Wireless On-Ear Headphones - Black,Sennheiser,HDR120,8673223,79.95,3.9,27,1,on,,0,isolate,resist,
Boompods - Digibuds Wired Lightning Connector Headphones - Rose Graphite,Boompods,54214BCW,6432982,39.99,5,1,0,in,,0,isolate,,7.38517E+11
TCL - MTRO series MTRO100BTWT Wireless In-Ear Headphones - Ash White,TCL,MTRO100BTWTNA,6392336,49.99,,,1,in,18,1,isolate,,
Decibullz - Custom Moldable Wireless Earbud Headphones - Black,Decibullz,WL-BLK,5713545,119.99,5,1,1,in,,1,isolate,resist,
Boompods - Bassline True Wireless In-Ear Headphones - Black,Boompods,54201BCW,6432973,59.99,,,1,in,,0,isolate,,7.38517E+11
"Audio-Technica - Audio Technica ATH-CLR100ISLG SonicFuel Earbuds, Lime Green - Lime Green",Audio-Technica,AUD ATHCLR100ISLG,6424155,14.99,,,0,in,,1,isolate,,
Skullcandy - Sesh True Wireless In-Ear Headphones - Black,Skullcandy,S2TDW-M003,6373238,59.99,4,1602,1,in,,1,isolate,resist,
Sony - ZX Series Wired On-Ear Headphones - Black,Sony,MDRZX110/B,8618232,19.99,4.4,12023,0,on,,1,isolate,resist,
JBL - UA Sport Wireless Train Headphones - Project Rock Edition - BLACK,JBL,UAROCKOEBTBLKMAM,6264684,249.99,4.6,149,1,on,16,1,isolate,resist,
Apple - EarPods with Lightning Connector - White,Apple,MMTN2AM/A,5577816,19.99,4.7,8096,0,in,,1,isolate,resist,
eKids - JoJo Siwa Wired Over-the-Ear Headphones - White/Pink/Blue,eKids,JJ-140.FXV8,6259460,19.99,4.4,3788,0,,,0,isolate,,92298941769
Sennheiser - CX 350BT Wireless In-Ear Headphones - Black,Sennheiser,CX 350BT BLACK,6401451,69.99,4,4,1,in,10,1,cancel,,
Sony - XB50BS Extra Bass Sports Wireless In-Ear Headphones - Black,Sony,MDRXB50BS/B,5581239,79.99,4.3,3135,1,in,8.5,1,isolate,resist,
Skullcandy - Push In-Ear True Wireless Sport Headphones - Black,Skullcandy,S2BDW-N740,6412871,99.99,4,180,1,in,6,1,cancel,resist,
"Samson - SR Wired On-Ear Headphones - Silver, Black",Samson,SASR450,5424794,29.99,4,3,0,on,,0,isolate,,
Sennheiser - MOMENTUM Wireless Noise-Canceling Over-the-Ear Headphones - Black,Sennheiser,M3AEBTXL BLACK,6363355,399.98,4.5,93,1,,,1,cancel,,
Plantronics - BackBeat GO 410 Wireless Noise Cancelling Earbud Headphones - Graphite,Plantronics,212078-99,6284304,129.99,4,216,1,in,10,1,cancel,,
MEE audio - M6 Sports Wired In-Ear Headphones - Black,MEE audio,EARPHONE-M6-BK-MEE,3497001,13.99,4.4,73,0,in,,1,isolate,resist,
Philips - Wireless Waterproof Echo Cancellation In-Ear Headphones- Black - Black,Philips,TASN503BK/27,6422041,69,,,1,in,6,1,cancel,proof,
TCL - MTRO series MTRO200BL Wired On-Ear Headphones - Slate Blue,TCL,MTRO200BLNA,6392352,18.99,,,0,on,,1,isolate,,
JLab Audio - JBuds Air ANC True Wireless Earbuds - Black,JLab Audio,EBJBUDSAIRANCRBLK82,6426504,69.99,4.3,32,1,in,30,1,isolate,,
Bose - Noise Cancelling Headphones 700 - Triple Midnight,Bose,794297-0700,6419348,379,4.5,1881,1,,20,1,cancel,resist,
Apple - AirPods with Wireless Charging Case (Latest Model) - White,Apple,MRXJ2AM/A,6083595,159.99,4.8,9742,1,in,24,1,isolate,,
JVC - Wired Gumy Plus In Ear Headphones with Microphone and Remote - Black,JVC,HAFX7MBN,6415427,9.99,4.1,31,0,in,,1,isolate,resist,
Beats by Dr. Dre - Solo³ Wireless On-Ear Headphones - Rose Gold,Beats by Dr. Dre,MX442LL/A,6383126,169.99,4.7,562,1,on,40,1,isolate,,
Sennheiser - PXC 550-II Wireless Noise Cancelling Over-the-Ear Headphones - Black,Sennheiser,PXC 550-II,6356687,285.99,3.5,10,1,,30,1,cancel,,
JBL - Everest Elite 750NC Wireless Over-the-Ear Noise Cancelling Headphones - Silver,JBL,JBLV750NXTSIL,5840129,299.99,4.1,395,1,,20,1,cancel,resist,
Pioneer DJ - HDJ-CUE1 DJ Headphones - Dark Silver - Dark Silver,Pioneer DJ,HDJ-CUE1/XEGWL,6431062,69.99,,,0,,,0,isolate,,8.413E+11
PYLE - PylePro PHPDJ1 Wired Over-the-Ear Studio Headphones - Silver,PYLE,PHPDJ1,5175616,34.99,3.8,6,0,,,0,isolate,,
eKids - Pikachu Pokemon Wired Over-the-Ear Headphones - Yellow/Black,eKids,PK-140PI.EXV8,6233102,19.99,4.4,3788,0,,,1,isolate,resist,
Sony - Noise-Canceling Wired On-Ear Headphones - Black,Sony,MDRZX110NC/B,8636734,,4.3,3732,0,on,,0,cancel,resist,
Philips - Wireless Over-the-Ear Headphones- Black - Black,Philips,TAPH802BK/27,6422037,69,,,1,,30,1,isolate,,
Samsung - EO-IC100 Wired In-Ear Headphones - White,Samsung,EO-IC100BWEGUS,6399044,29.99,3.3,8,0,in,,1,cancel,,
JBL - LIVE 200BT Wireless In-Ear Headphones - Blue,JBL,JBLLIVE200BTBLU,6253435,69.99,3.8,367,1,in,10,1,isolate,,
JBL - TUNE 205 Wired In-Ear Headphones - Chrome,JBL,JBLT205CRMAM,6395094,19.99,4.7,15,0,in,,1,isolate,,
Audio-Technica - ATH CK2000TI Wired In-Ear Headphones - Black,Audio-Technica,AUD ATHCK2000TI,6353049,749.99,,,0,in,,0,isolate,,
Insignia™ - Wireless Earbud Headphones,Insignia™,,5989602,14.99,4.2,664,1,,,0,,,6.00603E+11
LG - TONE Free HBS-FN6 - True Wireless Earbud Headphones - Black - Black,LG,HBS-FN6,6421172,149.99,4.6,61,1,in,,1,isolate,,
Boompods - Boombuds X True Wireless In-Ear Headphones - Graphite,Boompods,54199BCW,6432976,49.99,,,1,in,,0,isolate,,7.38517E+11
Skullcandy - Crusher Evo Over-the-Ear Wireless Headphones - True Black,Skullcandy,S6EVW-N740,6427099,199.99,5,3,1,,,0,isolate,,8.10016E+11
JVC - HA ET50BT Wireless In-Ear Headphones (iOS) - Blue,JVC,HA-ET50BTA,6115507,79.99,3.9,174,1,in,9,1,isolate,resist,
Skullcandy - Hesh Evo Over-the-Ear Wireless - 92 Blue - 92 Blue,Skullcandy,S6HVW-N745,6427097,99.99,,,1,,,0,isolate,,8.10016E+11
Audio-Technica - Audio Technica ATH-IEX1 Hi-Res In Ear Headphones - Black,Audio-Technica,AUD ATHIEX1,6424141,1200.99,,,0,in,,1,isolate,,
Skullcandy - Crusher ANC Wireless Noise Cancelling Over-the-Ear Headphones - Black/Tan,Skullcandy,S6CPW-M373,6373241,319.99,4.4,308,1,,24,1,cancel,,
AfterShokz - Aeropex Wireless Bone Conduction Open-Ear Headphones - Lunar Gray,AfterShokz,AS800LG,6399111,159.99,4.5,616,1,,8,1,cancel,resist,
JVC - Ear Clip Bluetooth Wireless Sport Headphones - Black,JVC,HAEC25WB,6415420,29.99,3.9,29,1,in,6.5,1,isolate,resist,
BuddyPhones - Wireless Headset POP - Turquoise,BuddyPhones,24769VRP,6432434,39.99,,,1,,,0,isolate,,7.27542E+11
JVC - HA A10T True Wireless In-Ear Headphones - Black,JVC,HAA10TB,6403619,49.99,4.2,59,1,in,14,1,cancel,resist,
Audio-Technica - Audio Technica ATH-A2000Z Closed Back Headphones - Silver,Audio-Technica,AUD ATHA2000Z,6424130,649.99,,,0,,,1,isolate,,
"BuddyPhones Travel, Foldable with 3 step volume setting - BLUE",BuddyPhones,24767VRP,6432426,19.99,,,0,on,,0,isolate,,6.30282E+11
eKids Black Panther Co Branded Headphones - black,eKids,VI-M40BP,6177160,12.49,4.4,3788,0,,,1,isolate,,
Audio-Technica - SOLID BASS ATH-WS660BT Wireless Over-the-Ear Headphones - Blue/Gunmetal,Audio-Technica,AUD ATHWS660BTGBL,6352707,179.99,4.4,9,1,,40,1,isolate,,
Klipsch - T5M Wired In-Ear Headphones - Black,Klipsch,1067635,6383339,46.99,3.2,5,0,in,,0,isolate,resist,
JVC - HA FX9BT Gumy Wireless In-Ear Headphones (iOS) - Black,JVC,HA-FX9BTB,6001121,14.99,4,845,1,in,,1,isolate,resist,
TCL - ELIT Series ELIT200NCBL Wireless Noise Cancelling In-Ear Headphones - Midnight Blue,TCL,ELIT200NCBLNA,6389015,55.99,,,1,in,10,1,cancel,,
MEE audio - M6 PRO Wireless In-Ear Headphones - Smoke,MEE audio,CMB-M6PROBT-BK,6353881,89.99,,,1,in,8,1,isolate,resist,
BuddyPhones - FOKUS Wired Over-the-Ear Headphones - GREY,BuddyPhones,24781VRP,6432283,49.99,,,0,,,0,isolate,,7.27542E+11
Anker - Soundcore Liberty Air 2 True Wireless In-Ear Headphones - Black,Anker,A3910Z11,6374960,99.99,4.1,1051,1,in,,1,isolate,resist,
Native Union - Curve Case for Apple AirPods - Black,Native Union,APCSE-CRVE-BLK,6385509,19.99,4.6,31,0,,,0,,,8.46654E+11
Audio-Technica - Audio Technica ATH-W1000Z Audiophile Headphones - Grained Wood,Audio-Technica,AUD ATHW1000Z,6424154,699.99,,,0,,,1,isolate,,
KIDdesigns - eKids Spiderman Co Branded Headphone - red,KIDdesigns,VI-M40SM,6426911,12.49,4.8,4,0,,,0,isolate,,92298945385
Bose - Frames Alto Large — Classic Angular Bluetooth Audio Sunglasses - Black,Bose,833416-0100,6332176,169,4.4,703,1,,,1,cancel,resist,
Sennheiser - CX 100 Wired Earbud Headphones - Black,Sennheiser,CX 100 BLACK,6332549,29.99,4.5,4,0,in,,0,isolate,,6.15104E+11
Sony - WH-XB700 Wireless On-Ear Headphones - Black,Sony,WHXB700/B,6339641,129.99,4.5,408,1,on,30,1,isolate,,
TCL - ELIT Series ELIT100BL Wired In-Ear Headphones - Midnight Blue,TCL,ELIT100BLNA,6389021,17.99,5,1,0,in,,1,isolate,,
adidas - FWD-01 Wireless In-Ear Headphones - Dark Gray,adidas,1002753,6383908,149,4.3,24,1,in,16,1,isolate,resist,
JBL - LIVE 220BT Wireless In-Ear Headphones - Black,JBL,JBLLIVE220BTBLKAM,6353057,69.99,3.8,367,1,in,10,1,isolate,,
Audio-Technica - SonicFuel® ATH-AR3BT On-Ear Wireless Headphones - White,Audio-Technica,ATH-AR3BTWH,5896700,119,4.3,6,1,on,30,1,isolate,resist,
Beats by Dr. Dre - BeatsX Wireless Earphones - Black,Beats by Dr. Dre,MTH52LL/A,6296103,39.99,4.2,1990,1,in,8,1,isolate,,
Bose - QuietComfort Noise Cancelling Earbuds – True Wireless In-Ear Headphones with Bluetooth - Triple Black,Bose,831262-0010,6419203,279,4.5,385,1,in,6,1,cancel,resist,
TCL - SOCL series SOCL200OR Wired In-Ear Headphones - Sunset Orange,TCL,SOCL200ORNA,6392340,14.99,,,0,in,,1,isolate,,
Sennheiser - HD 800 S Over-the-Ear Headphones - Black,Sennheiser,HD 800 S,4992301,1699.98,5,9,0,,,1,isolate,,
JBL - TUNE 700BT Wireless Over-the-Ear Headphones - Black,JBL,JBLT700BTBLKAM,6408765,63.99,4.6,10,1,,24,1,cancel,,
LG - TONE TRIUMPH HBS-510 Wireless In-Ear Headphones - Black,LG,HBS-510.ACUSBKI,6386350,49.99,4.2,32,1,in,14,1,isolate,,
"Audio-Technica - Audio Technica ATH-CKS550XBTBK Wireless Earbuds, Champagne-Gold - Chamagne Gold",Audio-Technica,AUD ATHCKS550XBTC,6424156,79.99,,,1,in,7,1,isolate,,
eKids - Ryan's World Wired On-Ear Headphones - Yellow/Red/Blue/Black,eKids,RW-140.EXV9,6323795,19.99,4.4,2206,0,on,,0,isolate,,92298945088
JVC - HA FX29BT Wireless In-Ear Headphones (iOS) - Black,JVC,HA-FX29BTB,6001120,33.99,3.5,8,1,in,,1,isolate,resist,
Skullcandy - Hesh 2.0 Wired Over-the-Ear Headphones - Black/Gunmetal,Skullcandy,S6HSGY-374,4295025,45.99,4.5,2379,0,,,1,isolate,resist,
Skullcandy - Jib+ Active Wireless In-Ear Headphones - Black,Skullcandy,S2JSW-M003,6348345,19.99,4,207,1,in,8,1,isolate,resist,
Sentry - HM800 Wired Over-the-Ear Headphones - Black,Sentry,SENTRY-HM800,6356912,14.99,5,1,0,,,1,isolate,,
Etymotic - ETY-Plugs High-Fidelity Wired Earplugs - Clear,Etymotic,121860,2672289,14.99,4.1,20,0,,,0,,,84643000245
1MORE - Triple Driver Wired In-Ear Headphones - Titanium,1MORE,E1001,6172056,79.99,4.3,46,0,in,,1,isolate,,
Microsoft - Surface Headphones 2 - Wireless Noise Cancelling Over-the-Ear with Cortana - Matte Black,Microsoft,QXL-00009,6408622,249.99,4.5,62,1,,18.5,1,cancel,,
Sony - WFXB700 True Wireless Headphones - Black,Sony,WFXB700/B,6408362,69.99,4.2,227,1,in,9,1,isolate,resist,
JBL - Endurance Peak True Wireless In-Ear Headphones - Black,JBL,JBLENDURPEAKBLKAM,6314374,49.99,3.7,1118,1,in,,1,isolate,,
MEE audio - T1N1 Wireless In-Ear Headphones and Connect Dual-Headphone Bluetooth Audio Transmitter - Black,MEE audio,T1N1,6165877,109.99,4.1,195,1,in,8,1,isolate,,
Audio-Technica - ATH S200BT Wireless Over-the-Ear Headphones - White,Audio-Technica,AUD ATHS200BTWH,6352620,69.99,1.3,3,1,,40,1,isolate,,
Ausounds - AU Frequency ANC True Wireless Noise-Cancelling Earbuds - Black,Ausounds,AUFQANC101-Black,6434337,129.99,,,1,in,22,1,cancel,resist,
JBL - Club ONE Wireless Noise Cancelling Over-the-Ear Headphones - Black,JBL,JBLCLUBONEBLKAM,6408630,249.99,4.3,8,1,,45,1,cancel,,
Anker - Soundcore Liberty 2 Pro True Wireless In-Ear Headphones - Black,Anker,A3909Z11,6378158,149.99,4.5,166,1,in,8,1,isolate,,
BuddyPhones - Travel Wired On-Ear Headphones - PINK,BuddyPhones,24768VRP,6432410,19.99,,,0,on,,0,isolate,,6.30282E+11
Pioneer DJ - HDJ-CUE1BT Bluetooth DJ Headphones - Black - Black,Pioneer DJ,HDJ-CUE1BT-K/XEGWL,6431067,99.99,,,1,,,0,isolate,,8.413E+11
Under Armour - UA Sport Wireless Train Headphones - Project Rock Edition - BLUE,Under Armour,UAROCKOEBTBLUAM,6423278,249.99,,,1,on,16,1,isolate,resist,
JVC - Wired Gumy Plus In Ear Headphones - Black,JVC,HAFX7BN,6415422,7.99,4.5,29,0,in,,1,isolate,resist,
JLab Audio - Studio Wired On-Ear Headphones - Black,JLab Audio,HASTUDIORBLK4,6344798,19.99,4.5,394,0,on,,1,isolate,,
Master & Dynamic - MW07 GO True Wireless In-Ear Headphones - Jet Black,Master & Dynamic,MW07JB-GO,6379888,199.99,4,65,1,in,10,1,isolate,resist,
Sony - WI-C310 Wireless In-Ear Headphones - Black,Sony,WIC310/B,6341024,18,4.2,1201,1,in,15,0,isolate,,
JBL - LIVE 500BT Wireless Over-the-Ear Headphones - Black,JBL,JBLLIVE500BTBLKAM,6339235,99.99,4.5,454,1,,33,1,isolate,,
JVC - Gumy Wired Earbud Headphones - White,JVC,HAEN10-W-K,1997404,10.99,4.1,37,0,in,,1,isolate,resist,
"BOSS Audio - Headphone - Purple, black",BOSS Audio,HP34C,5416453,24.99,2.9,7,1,,,0,isolate,,7.91489E+11
Bang & Olufsen Beoplay E8 True Wireless In-Ear Headphones - Gray Mist,Bang & Olufsen,53521BBR,6405596,349.99,4.2,33,1,in,7,1,cancel,,
JVC - Air Cushion In Ear Bluetooth Wireless Headphones - Black,JVC,HAFX22WB,6412846,29.99,4.4,17,1,in,6.5,1,isolate,resist,
LG - TONE PLATINUM+ Bluetooth Headset - Black,LG,HBS-1125,6292093,199.99,4.1,624,1,in,13,1,isolate,,
AfterShokz - Air Wireless Bone Conduction Open-Ear Headphones - Slate Gray,AfterShokz,AS650SG,6109614,119.99,4.6,1030,1,,6,1,isolate,,
Klipsch - T5 True Wireless In-Ear Headphones - Black,Klipsch,1067567,6383330,199,3.9,23,1,in,8,1,isolate,resist,
Audio-Technica - SonicPro ATH-AVC400 Wired Over-the-Ear Headphones - Black,Audio-Technica,AUD ATHAVC400,6381776,49.99,,,0,,,0,isolate,,
Sony - WH-CH700N Wireless Noise Cancelling Over-the-Ear Headphones - Black,Sony,WHCH700N/B,6196203,199.99,4.6,4157,1,,7,1,cancel,,
Boompods - Boombuds True Wireless In-Ear Headphones - White/Pink,Boompods,54205BCW,6432981,69.99,,,1,in,,0,isolate,,7.38517E+11
TCL - MTRO series MTRO100BL Wired In-Ear Headphones - Slate Blue,TCL,MTRO100BLNA,6392347,19.99,,,0,in,,1,isolate,,
Audio-Technica - QuietPoint ATH-ANC100BT Wireless Noise Cancelling In-Ear Headphones - Black,Audio-Technica,AUD ATHANC100BTB,6352631,104.99,5,2,1,in,20,1,cancel,,
JVC - Air Cushion In Ear Neckband Bluetooth Wireless Headphones - Black,JVC,HAFX41WB,6415421,49.99,4,37,1,in,24,1,isolate,resist,
Skullcandy - Jib+ In-Ear Wireless Sport Headphones - Red,Skullcandy,S2JSW-M010,6411949,22.99,,,1,in,8,1,cancel,resist,
JBL - LIVE 650BTNC Wireless Noise Cancelling Over-the-Ear Headphones - Black,JBL,JBLLIVE650BTNCBAM,6339234,129.99,4.4,547,1,,30,1,cancel,,
"Audio-Technica - Audio Technica ATH-SPORT70BT Wireless Earbuds, Black - Black",Audio-Technica,AUD ATHSPORT70BTBK,6424153,94.99,,,1,in,6,1,isolate,proof,
Jaybird - Vista True Wireless In-Ear Headphones - Black,Jaybird,985-000865,6320598,157.99,4.5,996,1,in,6,1,isolate,resist,
Yamaha - TW-E3A True Wireless Earbuds - Black,Yamaha,TW-E3ABL,6434829,129.95,3,3,1,in,24,0,cancel,resist,
Skullcandy - Sesh Evo True Wireless In-Ear Headphones - Chill Grey - Chill Grey,Skullcandy,S2TVW-N744,6427092,24.99,3.8,5,1,in,,0,isolate,,8.10046E+11
TASCAM - TH-02 Wired Over-the-Ear Headphones - Black,TASCAM,TH-02-B,6408743,22.99,4.7,3,0,,,0,cancel,,43774030071
Sony - EX155AP EX Series Wired In-Ear Headphones - Black,Sony,MDREX155AP/B,5899304,14.99,4.4,2018,0,in,,1,isolate,resist,
AfterShokz - OpenComm Bone Conduction Stereo Bluetooth Headset - Slate Gray,AfterShokz,ASC100SG,6432737,159.99,4.6,42,1,,16,1,isolate,resist,
Sennheiser - HD 4.40 Wireless Over-the-Ear Headphones - Black,Sennheiser,HD 4.40 BT,5826800,99.99,4.3,175,1,,,1,isolate,,
Skullcandy - Push Ultra In-Ear True Wireless Sport Headphones - Red,Skullcandy,S2BDW-N889,6439109,99.99,,,1,in,,0,isolate,,8.10016E+11
TCL - ACTV100BK Wired In-Ear Headphones - Monza Black,TCL,ACTV100BKNA,6389016,19.99,4.5,4,0,in,,1,isolate,resist,
Samson - Zi200 Wired In-Ear Headphones - Transparent,Samson,SAZI200,6387844,199.99,,,0,in,,0,isolate,resist,
"Samson - SR Wired Over-the-Ear Headphones - Silver, Black",Samson,SASR550,5424778,39.99,4.5,55,0,,,0,isolate,resist,
Apple - AirPods Pro - White,Apple,MWP22AM/A,5706659,229.99,4.7,18100,1,in,24,1,cancel,resist,
Boompods Sportline Wireless In-Ear Headphones / Earbuds - Black,Boompods,54209BCW,6432983,24.99,,,1,in,,0,isolate,,7.38517E+11
Skullcandy - Method Active Wireless In-Ear Headphones - Moss,Skullcandy,S2NCW-M687,6411960,59.99,,,1,in,10,1,cancel,resist,
Jaybird - Tarah Pro Wireless In-Ear Headphones - Black/Flash,Jaybird,985-000822,6289924,129.99,4.2,859,1,in,14,1,isolate,resist,
Skullcandy - Indy Evo In-Ear True Wireless Headphones - Orange,Skullcandy,S2IVW-N905,6439110,79.99,,,1,in,,0,isolate,,8.10046E+11
JLab Audio - Epic Air Sport ANC True Wireless Earbuds - Black,JLab Audio,EBEAIRSPTNCRBLK82,6426501,99.99,4.5,78,1,in,,1,isolate,,
Sentry - BLW-HM966 Wired Over-the-Ear Headphones - White/Rose,Sentry,SENTRY-BLW-HM966,6356911,14.99,4.2,16,0,,,1,isolate,,
Under Armour JBL True Wireless In-Ear Sport headphones - Black,JBL,UAJBLFLASHXBLKAM,6427212,99.99,4,2,1,in,40,1,isolate,resist,
JLab Audio - JBuds Air Executive True Wireless In-Ear Headphones - Black,JLab Audio,EBJBUDSAIREXECRBLK82,6344794,69.99,3.9,877,1,in,6,1,isolate,resist,
Audio-Technica - SonicSport ATH-SPORT50BT Wireless In-Ear Headphones - Blue,Audio-Technica,AUD ATHSPORT50BTBL,6352625,69.99,,,1,in,6,1,isolate,resist,
TaoTronics - TT-BH059BB Wireless In-Ear Headphones - Black,TaoTronics,TT-BH059BB,6356529,17.99,4,120,1,in,15,1,isolate,resist,
LG - TONE Ultra SE HBS-835S Wireless In-Ear Headphones - Black,LG,HBS-835S,6320917,116.99,4,106,1,in,15,1,isolate,,
JBL - Under Armour Project Rock True Wireless X In-Ear Sport Headphones - Black,JBL,UAJBLROCKXBLKAM,6435290,199.99,5,1,1,in,40,1,isolate,resist,
Soundcore - Life 2 Wireless Noise Cancelling Over-the-Ear Headphones - Black,Soundcore,A3024Z11,6413856,55.99,4.4,45,1,,30,1,cancel,,
JLab Audio - Epic ANC Earbuds Wireless Noise Cancelling In-Ear Headphones - Black,JLab Audio,EBEPICANCRBLK123,6396198,79.99,4.1,44,1,in,14,1,cancel,resist,
Audio-Technica - Audio Technica ATHANC300TW Noise-Cancelling Earbuds - Black,Audio-Technica,AUD ATHANC300TW,6424134,199.99,,,1,in,18,1,cancel,,
JVC - Flats Wireless On-Ear Headphones - Blue,JVC,HAS23WA,6412852,29.99,1,1,1,on,,0,isolate,,46838081668
JLab Audio - Go Air True Wireless In-Ear Headphones - Black,JLab Audio,EBGOAIRRBLK82,6396184,29.99,4.1,1663,1,in,,1,cancel,resist,
Sony - WI-XB400 Wireless In-Ear Headphones - Black,Sony,WIXB400/B,6359765,59.99,4.3,675,1,in,15,1,isolate,resist,
TaoTronics - TT-BH069BB Wireless Noise Cancelling In-Ear Headphones - Black,TaoTronics,TT-BH069BB,6356530,17.99,3.2,51,1,in,9,1,cancel,resist,
TCL - MTRO100BT Wireless In-Ear Headphones - Shadow Black,TCL,MTRO100BTBK-NA,6366527,17.99,4,268,1,in,18,1,isolate,,
Sony - WI-SP510 Wireless In-Ear Headphones - Black,Sony,WISP510/B,6408365,79.99,3.8,49,1,in,15,1,isolate,resist,
JBL - Endurance Sprint Wireless In-Ear Headphones - Blue,JBL,JBLENDURSPRINTBLU,6253459,19.99,3.9,913,1,in,8,1,isolate,,
"Audio-Technica - Audio Technica ATH-CK3TWBL In Ear Headphones, Blue - Blue",Audio-Technica,AUD ATHCK3TWBL,6424148,99.99,,,1,in,6,1,isolate,resist,
Audio-Technica - QuietPoint ATH-ANC20 Wired On-Ear Noise Cancelling Headphones - Black,Audio-Technica,AUD ATHANC20,5880303,46.99,3.8,5,0,on,,0,cancel,,
Marshall - MONITOR II A.N.C. Wireless Noise Cancelling Over-the-Ear Headphones - Black,Marshall,1005228,6405243,319.99,4.7,29,1,,30,0,cancel,,
TCL - SOCL series SOCL100BTOR Wireless In-Ear Headphones - Sunset Orange,TCL,SOCL100BTORNA,6392360,29.99,5,1,1,in,6,1,isolate,,
TASCAM - TH-06 Wired Over-the-Ear Headphones - Black,TASCAM,TH-06,6408745,99.99,,,0,,,0,cancel,,
LG - TONE Ultra a HBS-830 Wireless In-Ear Headphones - Black,LG,LGHBS-830.ACUSBKI,6392329,79.99,4.1,26,1,in,15,1,isolate,,
Skullcandy - Venue Wireless Noise Cancelling Over-the-Ear Headphones - Black,Skullcandy,S6HCW-L003,6292052,164.99,4.5,632,1,,24,1,cancel,,
JVC - HA EC30BT Wireless In-Ear Headphones - Yellow,JVC,HA-EC30BTY,6115511,59.99,4.1,14,1,in,8,1,isolate,resist,
Jabra - Elite 65t True Wireless Earbud Headphones - Titanium Black,Jabra,100-99000000-02,6181245,99.99,4.2,3947,1,in,10,1,isolate,resist,
JBL Endurance Sprint Wireless In-Ear Headphones - Yellow,JBL,JBLENDURSPRINTLAM,6439609,49.99,,,1,in,8,1,isolate,,
Philips - Wireless In-Ear Bluetooth Headphones- Black - Black,Philips,SHB4385BK/00,6422032,69.99,,,1,in,6,1,cancel,resist,
Beats by Dr. Dre - Solo Pro Wireless Noise Cancelling On-Ear Headphones - Black,Beats by Dr. Dre,MRJ62LL/A,6383116,229.99,4.6,664,1,on,22,1,cancel,,
KIDdesigns - eKids Pokemon Pikachu Wireless Over the Ear Headphones - yellow,KIDdesigns,PK-B50Pi.EXv0,6419499,29.99,4,5,1,,,0,isolate,,92298949611
JLab Audio - Play Gaming Wireless Headset - Black/Blue,JLab Audio,GHBPLAYRBLKBLU4,6396201,39.99,4,37,1,on,22,1,cancel,,
Sony - WH-CH710N Wireless Noise-Cancelling Over-the-Ear Headphones - Black,Sony,WHCH710N/B,6408360,88,4.3,194,1,,35,1,cancel,,
"BuddyPhones InFlight Green, 3 step volume setting - GREEN",BuddyPhones,24758VRP,6432417,29.99,5,1,0,on,,0,isolate,,7.86472E+11
Skullcandy - Set In-Ear Headphones - Black/Black/White,Skullcandy,S2MEY-L670,6292060,19.99,4.4,253,0,in,,1,isolate,resist,
Skullcandy - Jib Wired In-Ear Headphones - White/Black/White,Skullcandy,S2DUYK-441,6220223,5.99,4.4,1811,0,in,,1,isolate,,
KIDdesigns - eKids JoJo Siwa Wireless Over the Ear Headphones - pink,KIDdesigns,JJ-B52.EXv0,6424164,29.99,4,5,1,,,0,isolate,,92298941707
Apple - AirPods with Charging Case (Latest Model) - White,Apple,MV7N2AM/A,6084400,129.99,4.8,34895,1,in,24,1,isolate,,
Insignia™ - RF Wireless Over-the-Ear Headphones - Black,Insignia™,NS-HAWHP2,6281625,89.99,4.5,1055,1,,10,0,isolate,,
Sony - AS410AP Sport Wired In-Ear Headphones - Gray,Sony,MDRAS410AP/B,5581246,29.99,4,1078,0,in,,1,isolate,resist,
Beats by Dr. Dre - Beats EP Headphones - Black,Beats by Dr. Dre,ML992LL/A,5577775,105.99,4.6,2832,0,on,,1,isolate,,
Bose - QuietComfort 35 II Wireless Noise Cancelling Headphones - Black,Bose,789564-0010,5876115,199,4.8,7269,1,,20,1,cancel,,
eKids - Toy Story 4 Wired Over-the-Ear Headphones - Blue/Yellow/Pink,eKids,TS-140BP.EXV9M,6323778,19.99,4.4,3788,0,,,0,isolate,,92298944845
Beats by Dr. Dre - Powerbeats Pro Totally Wireless Earphones - Lava Red,Beats by Dr. Dre,MXYA2LL/A,6397383,159.98,4.5,9786,1,in,9,1,isolate,resist,
iHome - eKids Mario Co Branded Headphones - white,iHome,TI-M40MD,6233101,12.49,4.4,89,0,,,1,isolate,,
Audio-Technica - ATH-R70x Wired Open-Back Reference Headphones - Black,Audio-Technica,AUD ATHR70X,4725019,349.99,4.5,4,0,,,1,isolate,resist,
JBL - Reflect Mini 2 Wireless In-Ear Headphones - Black,JBL,JBLREFMINI2BLK,6197126,99.99,4.1,587,1,in,10,1,isolate,,
Skullcandy - Crusher Wireless Over-the-Ear Headphones - Black/Coral,Skullcandy,S6CRW-K591,5589000,149.99,4.6,3430,1,,40,1,isolate,resist,
JBL - TUNE 750BTNC Wireless Noise-Cancelling Over-the-Ear Headphones - White,JBL,JBLT750BTNCWHTAM,6408575,129.99,4.3,6,1,,15,1,cancel,,
Skullcandy - Set Wired In-Ear Headphones - Gray/Speckle/Miami,Skullcandy,S2MEY-L671,6348341,,4.5,63,0,in,,1,isolate,,
JVC - Wired Ear Clip-On Earbud Headphones - Black,JVC,HAECX20B,4085178,19.99,4.1,4329,0,on,,1,isolate,resist,
V-MODA - Forza Metallo Wireless In-Ear Headphones - White silver,V-MODA,FRZM-W-SILVER,5879404,142.99,4,3,1,in,10,1,cancel,resist,
MEE audio - KidJamz 3 Wired On-Ear Headphones - Pink,MEE audio,HP-KJ35-PK,6366514,16.99,4.9,11,0,on,,0,isolate,,
AfterShokz - Aeropex Wireless Blue Bone Conduction Open-Ear Headphones - Eclipse Blue,AfterShokz,AS800BE,6399049,159.99,4.5,616,1,,8,1,cancel,resist,
Audio-Technica - Audio Technica ATH-CLR100ISBK SonicFuel Earbuds - Black,Audio-Technica,AUD ATHCLR100ISBK,6424143,14.99,,,0,in,,0,isolate,,4.96131E+12
AfterShokz - Titanium Wireless Bone Conduction Open-Ear Headphones - Slate,AfterShokz,AS600SG,4875404,79.99,4.4,1726,1,,6,1,isolate,resist,
"Audio-Technica - Audio Technica ATH-CKS550XBTBK Wireless Earbuds, Black - Black",Audio-Technica,AUD ATHCKS550XBTB,6424145,61.99,,,1,in,7,1,isolate,,
TASCAM - TH-05 Wired Over-the-Ear Headphones - Black,TASCAM,TH-05,6408751,49.99,,,0,,,0,cancel,,
Marshall - Minor II Bluetooth Wireless In-Ear Headphones - Black,Marshall,MINOR II BLUETOOTH BLACK,6363820,84.99,3.5,28,1,in,12,1,isolate,,
Shure - AONIC 50 Wireless Noise Canceling Headphones - Black,Shure,SBH2350-BK,6425864,399.98,4.8,6,1,,20,1,cancel,resist,
PreSonus - HD9 Over-the-Ear Headphones - Black,PreSonus,HD9HDPHONES,6293731,79.95,4.5,6,0,,,1,cancel,,
JLab Audio - Neon On-Ear Headphones - Violet/Graphite,JLab Audio,13030VRP,6350644,7.49,4.6,253,0,on,,1,isolate,,
Insignia™ - Wireless In-Ear Headset - Black,Insignia™,NS-MBTHS,6342787,29.99,4,159,1,in,18,1,isolate,,
Sennheiser - HD 599 Wired Over-the-Ear Headphones HD 5 - Brown/Ivory/Matte Metallic,Sennheiser,HD 599,5701600,199.98,4.2,9,0,,,0,isolate,,
V-MODA - Crossfade 2 Wireless Codex Edition Over-the-Ear Headphones - Black,V-MODA,XFBT2A-MBLACK,6250969,349.98,4.6,76,1,,14,1,isolate,,
Boompods Sportpods True Wireless Black - Black,Boompods,54206BCW,6432979,89.99,,,1,in,,0,isolate,,7.38517E+11
Sony - C400 Wireless Behind-the-Neck In Ear Headphones - Black,Sony,WIC400/B,6029019,69.99,3.9,1607,1,in,20,1,isolate,resist,
Audio-Technica - Audio Technica ATHAD700X Audiophile Headphones - Black,Audio-Technica,AUD ATHAD700X,6424132,119.99,,,0,,,0,isolate,,4.96131E+12
Audio-Technica - Audio Technica ATH-AWAS Closed-Back Wood Headphone - Cherry,Audio-Technica,AUD ATHAWAS,6424135,1399.99,,,0,,,1,isolate,,
Sony - WI-C600N Wireless Noise Cancelling In-Ear Headphones - Black,Sony,WIC600N/B,6339640,149.99,3.5,113,1,in,6.5,1,cancel,,
Spracht - ZUM ZUM350M Wired On-Ear Headphones - Black,Spracht,ZUM350M,6313689,24.99,3.7,3,0,on,,1,isolate,,
JBL - Under Armour Flash Sport True Wireless In-Ear Headphones - Black,JBL,UAJBLFLASHBLKAM,6391316,169.99,4.4,12,1,in,20,1,isolate,resist,
Master & Dynamic - MW65 Wireless Noise Cancelling Over-the-Ear Headphones - Black Leather/Gunmetal,Master & Dynamic,MW65G1,6348665,399.98,4.5,40,1,,24,1,cancel,,
Jabra - Elite 45h Wireless On-Ear Headphones - Titanium Black,Jabra,100-91800000-02,6417350,98.99,4.4,29,1,on,,1,cancel,resist,
JLab Audio - Neon Wired On-Ear Headphones - Black,JLab Audio,NEONHP-BLK-BOX,6350383,7.49,4.6,253,0,on,,1,isolate,,
Skullcandy - HESH 3 Wireless Over-the-Ear Headphones - Black,Skullcandy,S6HTW-K033,6089932,87.99,4.3,1701,1,,22,1,isolate,resist,
JLab Audio - In-Ear Wireless Headphones - Black,JLab Audio,EBEPICSPORT2RBLK42,6396197,49.99,4,35,1,in,20,1,cancel,resist,
Boompods - XR+ True Wireless In-Ear Headphones - Gray,Boompods,54207BCW,6432978,99.99,,,1,in,,0,isolate,,7.38517E+11
Trolls World Tour Wireless Over-the-Ear Headphones - Pink/Black,Trolls World Tour,TR-B50.FXV0M,6394769,29.99,4.6,70,1,,28,1,isolate,,
Skullcandy - Jib+ Wireless In-Ear Headphones - Black,Skullcandy,S2JPW-M003,6348343,15.99,4.1,456,1,in,6,1,isolate,resist,
KIDdesigns - eKids Trolls World Tour Glow in the Dark Wired Over the Ear Headphones - green,KIDdesigns,TR-140DJ.EXv0M,6423348,19.99,4.8,4,0,,,0,isolate,,92298946788
"BuddyPhones InFlight Purple, 3 step volume setting - PURPLE",BuddyPhones,24759VRP,6432433,29.99,5,1,0,on,,0,isolate,,7.86472E+11
Sennheiser - IE 80 S BT Wireless In-Ear Headphones - Black,Sennheiser,IE 80S BT WIRELESS,6383053,385.99,1,1,1,in,6,1,isolate,,
Audio-Technica - Art Monitor ATH-A990z Wired Over-the-Ear Headphones - Black,Audio-Technica,AUD ATHA990Z,6381799,219.99,5,2,0,,,0,isolate,,
JLab Audio - JBuds Pro Signature Wired Earbud Headphones - Black,JLab Audio,EPRORBLK123,6211312,9.99,4.3,938,0,in,,1,isolate,,
Sentry - BLW-HM962 Wired Over-the-Ear Headphones - Black/Green,Sentry,SENTRY-BLW-HM962,6356909,14.99,4.2,16,0,,,1,isolate,,
Ausounds - AU Stream True Wireless  Earbuds - White,Ausounds,AUS101-White,6434342,49.99,4.8,5,1,in,20,1,cancel,resist,
LG TONE FREE HBS-FN5W - BLACK - Black,LG,LGHBS-FN5W.ACUSBKI,6425231,109.99,4.6,21,1,in,,0,isolate,,8.15425E+11
JVC - HA FX38M-E Marshmallow Wired In-Ear Headphones - Blue,JVC,HAFX38MA,6264829,16.99,4.5,18,0,in,,1,isolate,,
"Bang & Olufsen - Beoplay E8 Sport, Black - Black",Bang & Olufsen,54086BCW,6428099,349.98,,,1,in,,0,isolate,,
MEE audio - X5 Wireless In-Ear Headphones - Black,MEE audio,EP-X5G2-GM,6353875,34.99,5,2,1,in,9,1,isolate,resist,
eKids - Marvel Spider-Man Homecoming 2 Wireless On-Ear Headphones - Black/Red,eKids,SM-B50.FXV9M,6351560,29.99,4.6,887,1,on,30,1,isolate,,
Bose - SoundLink Wireless Around-Ear Headphones II - Black,Bose,741158-0010,4331863,159,4.7,4010,1,,15,1,cancel,resist,
Bowers & Wilkins - PX7 Wireless Noise Cancelling Over-the-Ear Headphones - Space Gray,Bowers & Wilkins,PX7 SPACE GREY,6373918,399.99,4.5,100,1,,30,1,cancel,,
Audio-Technica - ATH SR50BT Wireless Over-the-Ear Headphones - Gray Brown,Audio-Technica,AUD ATHSR50BTBW,6353025,199.99,4,1,1,,25,1,isolate,,
Bang & Olufsen - Beoplay E8 2.0 True Wireless In-Ear Headphones - Black,Bang & Olufsen,52000BBR,6332554,252.99,3.6,49,1,in,,1,isolate,,
Beats by Dr. Dre - Powerbeats High-Performance Wireless Earphones - Black,Beats by Dr. Dre,MWNV2LL/A,6397373,129.99,4.4,392,1,in,15,1,isolate,resist,
LG - TONE Flex HBS-XL7 Wireless In-Ear Headphones - Black,LG,LG HBS-XL7,6382466,149.99,4.3,129,1,in,10,1,isolate,,
